id,original_type,x,y,z,r,parent,section_id,label,custom_type_code
1,1,0.0,0.0,0.0,8.472,-1,1,primary_apical_trunk,4
2,1,0.0,0.0,0.0,8.472,1,2,soma,1
3,1,0.0,0.0,0.0,8.472,1,3,soma,1
4,3,0.0,0.0,0.0,1.365,1,4,primary_apical_trunk,4
5,3,-0.52,-1.39,0.16,1.365,4,4,primary_apical_trunk,4
6,3,-1.29,-1.9,0.21,1.365,5,4,primary_apical_trunk,4
7,3,-1.53,-1.87,0.25,1.365,6,4,primary_apical_trunk,4
8,3,-2.61,-1.74,0.25,1.365,7,4,primary_apical_trunk,4
9,3,-4.23,-2.17,0.35,1.33,8,4,primary_apical_trunk,4
10,3,-4.3,-2.33,0.35,1.33,9,4,primary_apical_trunk,4
11,3,-4.85,-3.44,0.35,1.33,10,4,primary_apical_trunk,4
12,3,-4.71,-4.5,0.41,1.33,11,4,primary_apical_trunk,4
13,3,-4.27,-5.44,0.41,1.33,12,4,primary_apical_trunk,4
14,3,-2.98,-5.83,0.46,1.33,13,4,primary_apical_trunk,4
15,3,-2.06,-6.3,0.46,1.33,14,4,primary_apical_trunk,4
16,3,-0.95,-6.2,0.46,1.33,15,4,primary_apical_trunk,4
17,3,-0.13,-6.61,0.46,1.33,16,4,primary_apical_trunk,4
18,3,0.81,-7.39,1.66,1.22,17,4,primary_apical_trunk,4
19,3,0.96,-7.56,1.67,1.22,18,4,primary_apical_trunk,4
20,3,1.61,-8.11,1.67,1.22,19,4,primary_apical_trunk,4
21,3,2.6,-8.11,1.71,1.22,20,4,primary_apical_trunk,4
22,3,3.87,-7.67,-0.19,1.22,21,4,primary_apical_trunk,4
23,3,4.71,-7.17,-0.34,1.22,22,4,primary_apical_trunk,4
24,3,6.0,-7.23,-0.4,1.22,23,4,primary_apical_trunk,4
25,3,6.65,-8.39,-1.25,1.22,24,4,primary_apical_trunk,4
26,3,6.56,-9.73,-1.69,1.405,25,4,primary_apical_trunk,4
27,3,6.93,-10.5,-1.59,1.405,26,4,primary_apical_trunk,4
28,3,6.93,-10.5,-1.59,0.96,27,5,primary_apical_trunk,4
29,3,6.93,-10.5,-1.59,0.96,28,6,primary_apical_trunk,4
30,3,7.75,-9.83,-1.59,0.96,29,6,primary_apical_trunk,4
31,3,8.96,-9.36,-1.59,0.96,30,6,primary_apical_trunk,4
32,3,10.16,-9.63,-1.59,0.96,31,6,primary_apical_trunk,4
33,3,11.18,-9.89,-1.59,0.96,32,6,primary_apical_trunk,4
34,3,12.33,-10.53,-1.8,0.96,33,6,primary_apical_trunk,4
35,3,13.2,-10.47,-1.84,0.96,34,6,primary_apical_trunk,4
36,3,14.05,-10.23,-1.95,0.96,35,6,primary_apical_trunk,4
37,3,14.89,-9.73,-3.19,0.96,36,6,primary_apical_trunk,4
38,3,15.84,-9.96,-3.44,0.96,37,6,primary_apical_trunk,4
39,3,16.8,-10.18,-3.48,0.96,38,6,primary_apical_trunk,4
40,3,17.62,-10.34,-3.69,0.96,39,6,primary_apical_trunk,4
41,3,18.39,-10.47,-3.85,0.96,40,6,primary_apical_trunk,4
42,3,18.92,-10.73,-3.89,0.96,41,6,primary_apical_trunk,4
43,3,19.35,-11.03,-4.1,0.96,42,6,primary_apical_trunk,4
44,3,19.54,-11.12,-4.14,0.96,43,6,primary_apical_trunk,4
45,3,20.24,-11.88,-4.73,0.96,44,6,primary_apical_trunk,4
46,3,20.47,-11.91,-4.73,0.96,45,6,primary_apical_trunk,4
47,3,21.31,-11.74,-4.73,0.96,46,6,primary_apical_trunk,4
48,3,21.67,-11.02,-4.8,0.96,47,6,primary_apical_trunk,4
49,3,21.85,-10.3,-4.85,0.96,48,6,primary_apical_trunk,4
50,3,21.1,-9.66,-5.94,0.96,49,6,primary_apical_trunk,4
51,3,20.76,-9.18,-5.98,0.96,50,6,primary_apical_trunk,4
52,3,20.49,-8.55,-5.98,0.96,51,6,primary_apical_trunk,4
53,3,21.44,-7.95,-6.73,1.185,52,6,primary_apical_trunk,4
54,3,22.1,-8.1,-6.73,1.185,53,6,primary_apical_trunk,4
55,3,22.1,-8.1,-6.73,0.925,54,7,primary_apical_trunk,4
56,3,23.35,-8.56,-6.8,0.74,55,7,primary_apical_trunk,4
57,3,24.39,-8.98,-6.8,0.74,56,7,primary_apical_trunk,4
58,3,24.39,-8.98,-6.8,0.185,57,8,primary_apical_trunk,4
59,3,24.43,-9.23,-6.8,0.185,58,8,primary_apical_trunk,4
60,3,24.8,-10.15,-6.8,0.185,59,8,primary_apical_trunk,4
61,3,24.79,-10.32,-6.8,0.185,60,8,primary_apical_trunk,4
62,3,25.57,-11.46,-6.98,0.26,61,8,primary_apical_trunk,4
63,3,26.79,-12.61,-7.19,0.335,62,8,primary_apical_trunk,4
64,3,26.84,-12.73,-7.19,0.335,63,8,primary_apical_trunk,4
65,3,27.59,-13.5,-7.23,0.335,64,8,primary_apical_trunk,4
66,3,27.62,-13.6,-7.23,0.335,65,8,primary_apical_trunk,4
67,3,28.13,-14.42,-7.23,0.335,66,8,primary_apical_trunk,4
68,3,28.8,-15.74,-7.3,0.335,67,8,primary_apical_trunk,4
69,3,29.43,-17.13,-7.35,0.335,68,8,primary_apical_trunk,4
70,3,30.34,-18.8,-8.6,0.15,69,8,primary_apical_trunk,4
71,3,30.28,-19.1,-8.6,0.15,70,8,primary_apical_trunk,4
72,3,30.79,-20.09,-8.64,0.15,71,8,primary_apical_trunk,4
73,3,31.41,-20.82,-8.64,0.15,72,8,primary_apical_trunk,4
74,3,31.61,-21.41,-8.64,0.15,73,8,primary_apical_trunk,4
75,3,32.15,-22.18,-8.69,0.295,74,8,primary_apical_trunk,4
76,3,32.95,-22.82,-9.6,0.295,75,8,primary_apical_trunk,4
77,3,32.84,-23.03,-9.6,0.295,76,8,primary_apical_trunk,4
78,3,33.51,-24.01,-9.6,0.295,77,8,primary_apical_trunk,4
79,3,33.51,-24.18,-9.6,0.295,78,8,primary_apical_trunk,4
80,3,33.63,-25.31,-9.8,0.295,79,8,primary_apical_trunk,4
81,3,33.56,-25.6,-9.8,0.295,80,8,primary_apical_trunk,4
82,3,33.89,-26.25,-9.85,0.295,81,8,primary_apical_trunk,4
83,3,34.07,-26.42,-9.85,0.295,82,8,primary_apical_trunk,4
84,3,34.93,-26.85,-9.85,0.295,83,8,primary_apical_trunk,4
85,3,35.42,-28.17,-11.3,0.295,84,8,primary_apical_trunk,4
86,3,35.47,-28.43,-11.3,0.295,85,8,primary_apical_trunk,4
87,3,35.73,-29.05,-11.3,0.295,86,8,primary_apical_trunk,4
88,3,35.8,-29.25,-11.33,0.295,87,8,primary_apical_trunk,4
89,3,35.94,-29.97,-11.33,0.295,88,8,primary_apical_trunk,4
90,3,35.84,-30.18,-11.33,0.295,89,8,primary_apical_trunk,4
91,3,35.71,-31.1,-11.33,0.295,90,8,primary_apical_trunk,4
92,3,36.26,-31.85,-13.3,0.26,91,8,primary_apical_trunk,4
93,3,37.34,-31.47,-13.58,0.26,92,8,primary_apical_trunk,4
94,3,38.35,-31.24,-14.9,0.335,93,8,primary_apical_trunk,4
95,3,38.42,-31.11,-14.9,0.335,94,8,primary_apical_trunk,4
96,3,39.54,-30.68,-14.83,0.335,95,8,primary_apical_trunk,4
97,3,40.53,-30.03,-14.83,0.335,96,8,primary_apical_trunk,4
98,3,24.39,-8.98,-6.8,0.515,57,9,primary_apical_trunk,4
99,3,25.25,-8.58,-6.39,0.515,98,9,primary_apical_trunk,4
100,3,25.93,-8.17,-6.69,0.515,99,9,primary_apical_trunk,4
101,3,26.83,-8.05,-7.05,0.515,100,9,primary_apical_trunk,4
102,3,27.85,-7.63,-7.23,0.515,101,9,primary_apical_trunk,4
103,3,27.88,-7.56,-7.3,0.515,102,9,primary_apical_trunk,4
104,3,28.67,-7.15,-7.39,0.515,103,9,primary_apical_trunk,4
105,3,28.7,-7.07,-7.44,0.515,104,9,primary_apical_trunk,4
106,3,29.73,-6.51,-7.44,0.515,105,9,primary_apical_trunk,4
107,3,30.42,-5.94,-7.6,0.515,106,9,primary_apical_trunk,4
108,3,31.25,-5.27,-7.98,0.63,107,9,primary_apical_trunk,4
109,3,31.77,-4.73,-8.3,0.63,108,9,primary_apical_trunk,4
110,3,32.94,-3.99,-8.64,0.63,109,9,primary_apical_trunk,4
111,3,33.55,-3.78,-8.73,0.63,110,9,primary_apical_trunk,4
112,3,34.39,-3.38,-8.89,0.63,111,9,primary_apical_trunk,4
113,3,35.1,-2.99,-8.94,0.63,112,9,primary_apical_trunk,4
114,3,35.58,-2.16,-8.98,0.63,113,9,primary_apical_trunk,4
115,3,36.39,-1.83,-8.98,0.63,114,9,primary_apical_trunk,4
116,3,36.5,-1.81,-8.98,0.63,115,9,primary_apical_trunk,4
117,3,37.16,-1.63,-8.98,0.63,116,9,primary_apical_trunk,4
118,3,38.12,-1.19,-9.1,0.63,117,9,primary_apical_trunk,4
119,3,38.19,-1.06,-9.14,0.63,118,9,primary_apical_trunk,4
120,3,39.2,-0.65,-9.14,0.63,119,9,primary_apical_trunk,4
121,3,39.3,-0.46,-9.14,0.63,120,9,primary_apical_trunk,4
122,3,39.78,0.52,-9.14,0.63,121,9,primary_apical_trunk,4
123,3,40.58,1.29,-9.55,0.7,122,9,primary_apical_trunk,4
124,3,41.07,2.28,-9.55,0.7,123,9,primary_apical_trunk,4
125,3,41.63,2.76,-10.14,0.7,124,9,primary_apical_trunk,4
126,3,42.57,3.35,-10.35,0.7,125,9,primary_apical_trunk,4
127,3,43.11,4.25,-10.44,0.7,126,9,primary_apical_trunk,4
128,3,43.61,4.91,-10.48,0.7,127,9,primary_apical_trunk,4
129,3,44.32,5.22,-10.65,0.7,128,9,primary_apical_trunk,4
130,3,45.02,5.27,-11.65,0.665,129,9,primary_apical_trunk,4
131,3,45.74,5.72,-12.3,0.555,130,9,primary_apical_trunk,4
132,3,46.46,6.33,-12.33,0.74,131,9,primary_apical_trunk,4
133,3,46.75,7.22,-12.33,0.74,132,9,primary_apical_trunk,4
134,3,47.66,7.6,-12.4,0.74,133,9,primary_apical_trunk,4
135,3,48.04,8.38,-12.4,0.74,134,9,primary_apical_trunk,4
136,3,48.04,8.38,-12.4,0.48,135,10,primary_apical_trunk,4
137,3,49.1,8.51,-12.4,0.48,136,10,primary_apical_trunk,4
138,3,50.08,8.85,-12.49,0.48,137,10,primary_apical_trunk,4
139,3,51.03,9.27,-12.55,0.48,138,10,primary_apical_trunk,4
140,3,51.26,9.42,-12.55,0.48,139,10,primary_apical_trunk,4
141,3,52.23,9.68,-12.65,0.48,140,10,primary_apical_trunk,4
142,3,52.87,10.02,-12.74,0.48,141,10,primary_apical_trunk,4
143,3,52.93,10.15,-12.8,0.48,142,10,primary_apical_trunk,4
144,3,54.07,10.91,-12.9,0.48,143,10,primary_apical_trunk,4
145,3,54.75,11.48,-12.92,0.48,144,10,primary_apical_trunk,4
146,3,55.87,12.07,-12.99,0.48,145,10,primary_apical_trunk,4
147,3,56.37,13.07,-12.92,0.48,146,10,primary_apical_trunk,4
148,3,57.02,13.41,-12.9,0.48,147,10,primary_apical_trunk,4
149,3,57.71,13.63,-12.9,0.48,148,10,primary_apical_trunk,4
150,3,58.37,13.8,-12.83,0.48,149,10,primary_apical_trunk,4
151,3,59.2,14.13,-13.17,0.48,150,10,primary_apical_trunk,4
152,3,59.33,14.24,-13.24,0.48,151,10,primary_apical_trunk,4
153,3,60.14,14.58,-13.3,0.445,152,10,primary_apical_trunk,4
154,3,60.25,14.6,-13.3,0.445,153,10,primary_apical_trunk,4
155,3,60.88,15.21,-13.4,0.445,154,10,primary_apical_trunk,4
156,3,61.62,15.9,-13.74,0.445,155,10,primary_apical_trunk,4
157,3,62.23,16.99,-13.92,0.445,156,10,primary_apical_trunk,4
158,3,62.31,17.14,-13.92,0.445,157,10,primary_apical_trunk,4
159,3,63.06,17.83,-13.92,0.445,158,10,primary_apical_trunk,4
160,3,63.12,17.95,-13.92,0.445,159,10,primary_apical_trunk,4
161,3,63.79,19.1,-14.42,0.445,160,10,primary_apical_trunk,4
162,3,64.51,20.57,-14.55,0.445,161,10,primary_apical_trunk,4
163,3,64.57,20.7,-14.55,0.445,162,10,primary_apical_trunk,4
164,3,65.09,21.76,-14.58,0.445,163,10,primary_apical_trunk,4
165,3,65.91,22.91,-14.65,0.445,164,10,primary_apical_trunk,4
166,3,66.59,23.81,-14.74,0.445,165,10,primary_apical_trunk,4
167,3,66.72,23.9,-14.8,0.445,166,10,primary_apical_trunk,4
168,3,67.45,24.53,-14.83,0.445,167,10,primary_apical_trunk,4
169,3,68.01,24.85,-15.05,0.445,168,10,primary_apical_trunk,4
170,3,68.85,25.75,-15.3,0.445,169,10,primary_apical_trunk,4
171,3,68.95,25.95,-15.33,0.445,170,10,primary_apical_trunk,4
172,3,69.54,26.46,-15.4,0.445,171,10,primary_apical_trunk,4
173,3,70.37,27.12,-15.49,0.445,172,10,primary_apical_trunk,4
174,3,70.5,27.23,-15.49,0.445,173,10,primary_apical_trunk,4
175,3,71.09,27.6,-15.55,0.445,174,10,primary_apical_trunk,4
176,3,72.14,28.56,-15.58,0.445,175,10,primary_apical_trunk,4
177,3,72.55,29.47,-16.08,0.445,176,10,primary_apical_trunk,4
178,3,73.24,30.37,-16.08,0.445,177,10,primary_apical_trunk,4
179,3,73.66,31.07,-16.24,0.445,178,10,primary_apical_trunk,4
180,3,74.24,31.59,-16.24,0.445,179,10,primary_apical_trunk,4
181,3,75.46,32.56,-16.55,0.48,180,10,primary_apical_trunk,4
182,3,76.5,33.36,-16.65,0.555,181,10,primary_apical_trunk,4
183,3,77.34,33.68,-16.8,0.555,182,10,primary_apical_trunk,4
184,3,78.31,34.68,-16.83,0.555,183,10,primary_apical_trunk,4
185,3,79.37,35.31,-16.83,0.555,184,10,primary_apical_trunk,4
186,3,80.03,36.14,-16.9,0.335,185,10,primary_apical_trunk,4
187,3,80.78,36.84,-16.92,0.335,186,10,primary_apical_trunk,4
188,3,81.78,37.34,-16.99,0.335,187,10,primary_apical_trunk,4
189,3,82.67,37.98,-17.05,0.335,188,10,primary_apical_trunk,4
190,3,82.73,38.1,-17.05,0.335,189,10,primary_apical_trunk,4
191,3,82.98,38.97,-17.05,0.515,190,10,primary_apical_trunk,4
192,3,83.27,39.72,-17.05,0.515,191,10,primary_apical_trunk,4
193,3,84.1,40.38,-17.08,0.515,192,10,primary_apical_trunk,4
194,3,84.56,41.31,-17.24,0.515,193,10,primary_apical_trunk,4
195,3,85.43,41.78,-17.33,0.515,194,10,primary_apical_trunk,4
196,3,86.05,42.54,-17.4,0.515,195,10,primary_apical_trunk,4
197,3,86.15,42.75,-17.4,0.515,196,10,primary_apical_trunk,4
198,3,86.56,43.37,-17.4,0.515,197,10,primary_apical_trunk,4
199,3,87.24,44.09,-17.4,0.515,198,10,primary_apical_trunk,4
200,3,87.24,44.09,-17.4,0.405,199,11,primary_apical_trunk,4
201,3,88.37,44.53,-17.47,0.405,200,11,primary_apical_trunk,4
202,3,89.12,44.89,-17.56,0.405,201,11,primary_apical_trunk,4
203,3,89.98,45.13,-17.81,0.405,202,11,primary_apical_trunk,4
204,3,91.01,45.36,-18.06,0.405,203,11,primary_apical_trunk,4
205,3,92.06,45.83,-18.4,0.405,204,11,primary_apical_trunk,4
206,3,92.13,45.98,-18.4,0.405,205,11,primary_apical_trunk,4
207,3,92.46,46.78,-18.53,0.405,206,11,primary_apical_trunk,4
208,3,92.53,46.93,-18.53,0.405,207,11,primary_apical_trunk,4
209,3,92.77,47.78,-18.78,0.405,208,11,primary_apical_trunk,4
210,3,93.13,49.01,-19.06,0.405,209,11,primary_apical_trunk,4
211,3,93.97,49.9,-19.38,0.405,210,11,primary_apical_trunk,4
212,3,94.07,50.04,-19.38,0.405,211,11,primary_apical_trunk,4
213,3,94.87,50.62,-19.53,0.405,212,11,primary_apical_trunk,4
214,3,95.77,51.09,-20.53,0.295,213,11,primary_apical_trunk,4
215,3,96.77,51.73,-20.53,0.295,214,11,primary_apical_trunk,4
216,3,97.97,52.39,-20.56,0.295,215,11,primary_apical_trunk,4
217,3,98.77,53.12,-20.78,0.295,216,11,primary_apical_trunk,4
218,3,99.67,53.83,-21.03,0.295,217,11,primary_apical_trunk,4
219,3,100.47,54.49,-21.15,0.295,218,11,primary_apical_trunk,4
220,3,101.57,55.01,-21.31,0.295,219,11,primary_apical_trunk,4
221,3,102.87,55.98,-21.4,0.48,220,11,primary_apical_trunk,4
222,3,102.87,55.98,-21.53,0.48,221,11,primary_apical_trunk,4
223,3,103.47,56.39,-21.72,0.48,222,11,primary_apical_trunk,4
224,3,104.07,57.19,-21.88,0.48,223,11,primary_apical_trunk,4
225,3,104.97,58.28,-22.13,0.48,224,11,primary_apical_trunk,4
226,3,104.97,58.43,-22.13,0.48,225,11,primary_apical_trunk,4
227,3,105.67,59.0,-22.22,0.48,226,11,primary_apical_trunk,4
228,3,105.87,59.11,-22.22,0.48,227,11,primary_apical_trunk,4
229,3,106.47,59.54,-22.4,0.48,228,11,primary_apical_trunk,4
230,3,106.47,59.67,-22.4,0.48,229,11,primary_apical_trunk,4
231,3,107.27,60.07,-22.63,0.48,230,11,primary_apical_trunk,4
232,3,107.77,60.59,-21.38,0.48,231,11,primary_apical_trunk,4
233,3,108.67,61.38,-21.22,0.48,232,11,primary_apical_trunk,4
234,3,109.77,61.99,-21.06,0.405,233,11,primary_apical_trunk,4
235,3,110.47,62.88,-21.03,0.405,234,11,primary_apical_trunk,4
236,3,111.37,63.88,-21.03,0.405,235,11,primary_apical_trunk,4
237,3,111.47,64.08,-21.03,0.405,236,11,primary_apical_trunk,4
238,3,111.97,64.71,-20.9,0.405,237,11,primary_apical_trunk,4
239,3,112.07,64.85,-20.9,0.405,238,11,primary_apical_trunk,4
240,3,112.67,65.51,-20.81,0.405,239,11,primary_apical_trunk,4
241,3,113.17,66.28,-21.03,0.405,240,11,primary_apical_trunk,4
242,3,114.07,66.56,-21.13,0.405,241,11,primary_apical_trunk,4
243,3,114.87,67.0,-21.15,0.405,242,11,primary_apical_trunk,4
244,3,114.97,67.03,-21.15,0.405,243,11,primary_apical_trunk,4
245,3,115.47,67.44,-21.22,0.405,244,11,primary_apical_trunk,4
246,3,115.57,67.64,-21.28,0.405,245,11,primary_apical_trunk,4
247,3,116.07,68.26,-21.28,0.405,246,11,primary_apical_trunk,4
248,3,116.87,68.24,-21.38,0.405,247,11,primary_apical_trunk,4
249,3,117.97,68.94,-21.63,0.405,248,11,primary_apical_trunk,4
250,3,118.77,69.34,-21.72,0.405,249,11,primary_apical_trunk,4
251,3,118.87,69.46,-21.72,0.405,250,11,primary_apical_trunk,4
252,3,119.87,70.09,-21.88,0.405,251,11,primary_apical_trunk,4
253,3,119.97,70.29,-21.88,0.405,252,11,primary_apical_trunk,4
254,3,120.97,70.9,-21.97,0.405,253,11,primary_apical_trunk,4
255,3,121.07,70.99,-21.97,0.405,254,11,primary_apical_trunk,4
256,3,121.97,71.52,-22.03,0.405,255,11,primary_apical_trunk,4
257,3,122.77,72.32,-22.03,0.405,256,11,primary_apical_trunk,4
258,3,123.97,73.58,-22.06,0.405,257,11,primary_apical_trunk,4
259,3,124.17,73.76,-22.06,0.405,258,11,primary_apical_trunk,4
260,3,124.57,74.05,-22.06,0.405,259,11,primary_apical_trunk,4
261,3,125.27,74.52,-22.13,0.405,260,11,primary_apical_trunk,4
262,3,125.27,74.39,-22.13,0.405,261,11,primary_apical_trunk,4
263,3,125.87,74.94,-22.4,0.405,262,11,primary_apical_trunk,4
264,3,126.77,75.74,-22.53,0.405,263,11,primary_apical_trunk,4
265,3,127.37,76.36,-22.56,0.405,264,11,primary_apical_trunk,4
266,3,128.07,76.98,-22.72,0.405,265,11,primary_apical_trunk,4
267,3,128.07,77.05,-22.78,0.405,266,11,primary_apical_trunk,4
268,3,128.87,77.64,-22.81,0.405,267,11,primary_apical_trunk,4
269,3,128.97,77.78,-22.81,0.405,268,11,primary_apical_trunk,4
270,3,129.37,78.54,-22.81,0.405,269,11,primary_apical_trunk,4
271,3,129.47,78.82,-22.81,0.405,270,11,primary_apical_trunk,4
272,3,130.07,79.35,-22.88,0.405,271,11,primary_apical_trunk,4
273,3,130.17,79.54,-22.88,0.405,272,11,primary_apical_trunk,4
274,3,130.37,80.19,-22.88,0.405,273,11,primary_apical_trunk,4
275,3,131.07,80.57,-23.06,0.22,274,11,primary_apical_trunk,4
276,3,131.27,80.6,-23.13,0.22,275,11,primary_apical_trunk,4
277,3,132.67,81.04,-23.13,0.405,276,11,primary_apical_trunk,4
278,3,133.17,81.6,-23.15,0.405,277,11,primary_apical_trunk,4
279,3,133.07,81.57,-23.22,0.405,278,11,primary_apical_trunk,4
280,3,133.77,82.79,-23.78,0.405,279,11,primary_apical_trunk,4
281,3,134.77,83.89,-23.9,0.405,280,11,primary_apical_trunk,4
282,3,135.17,84.49,-24.22,0.405,281,11,primary_apical_trunk,4
283,3,135.77,85.35,-24.4,0.405,282,11,primary_apical_trunk,4
284,3,136.47,86.0,-24.63,0.405,283,11,primary_apical_trunk,4
285,3,136.47,86.15,-24.63,0.405,284,11,primary_apical_trunk,4
286,3,137.27,87.4,-24.65,0.405,285,11,primary_apical_trunk,4
287,3,137.17,87.3,-24.72,0.405,286,11,primary_apical_trunk,4
288,3,137.87,88.52,-24.88,0.405,287,11,primary_apical_trunk,4
289,3,138.47,89.69,-24.9,0.405,288,11,primary_apical_trunk,4
290,3,138.57,89.89,-24.9,0.405,289,11,primary_apical_trunk,4
291,3,138.77,90.97,-24.98,0.405,290,11,primary_apical_trunk,4
292,3,139.17,91.66,-25.13,0.405,291,11,primary_apical_trunk,4
293,3,139.27,91.86,-25.13,0.405,292,11,primary_apical_trunk,4
294,3,139.87,92.55,-25.31,0.405,293,11,primary_apical_trunk,4
295,3,140.97,93.49,-25.76,0.405,294,11,primary_apical_trunk,4
296,3,140.97,93.65,-25.76,0.405,295,11,primary_apical_trunk,4
297,3,141.77,94.31,-25.76,0.405,296,11,primary_apical_trunk,4
298,3,141.87,94.46,-25.76,0.405,297,11,primary_apical_trunk,4
299,3,142.47,95.28,-25.76,0.405,298,11,primary_apical_trunk,4
300,3,142.57,95.31,-25.76,0.405,299,11,primary_apical_trunk,4
301,3,143.07,95.97,-25.92,0.405,300,11,primary_apical_trunk,4
302,3,143.07,96.04,-25.97,0.405,301,11,primary_apical_trunk,4
303,3,144.07,96.8,-26.06,0.405,302,11,primary_apical_trunk,4
304,3,144.17,96.83,-26.13,0.405,303,11,primary_apical_trunk,4
305,3,145.07,97.48,-26.17,0.405,304,11,primary_apical_trunk,4
306,3,145.97,98.24,-26.22,0.405,305,11,primary_apical_trunk,4
307,3,146.57,98.6,-26.26,0.405,306,11,primary_apical_trunk,4
308,3,147.27,98.73,-26.26,0.405,307,11,primary_apical_trunk,4
309,3,148.07,99.0,-26.31,0.405,308,11,primary_apical_trunk,4
310,3,149.07,99.48,-26.67,0.37,309,11,primary_apical_trunk,4
311,3,149.97,100.25,-26.72,0.37,310,11,primary_apical_trunk,4
312,3,149.97,100.4,-26.72,0.37,311,11,primary_apical_trunk,4
313,3,150.57,101.43,-26.72,0.37,312,11,primary_apical_trunk,4
314,3,151.47,102.15,-26.72,0.37,313,11,primary_apical_trunk,4
315,3,152.17,102.22,-26.72,0.37,314,11,primary_apical_trunk,4
316,3,152.17,102.35,-26.72,0.37,315,11,primary_apical_trunk,4
317,3,153.07,103.21,-26.72,0.37,316,11,primary_apical_trunk,4
318,3,153.87,103.98,-26.88,0.37,317,11,primary_apical_trunk,4
319,3,154.47,105.27,-27.06,0.445,318,11,primary_apical_trunk,4
320,3,154.47,105.4,-27.13,0.445,319,11,primary_apical_trunk,4
321,3,155.57,106.49,-27.26,0.445,320,11,primary_apical_trunk,4
322,3,155.57,106.59,-27.31,0.445,321,11,primary_apical_trunk,4
323,3,156.37,107.19,-27.42,0.445,322,11,primary_apical_trunk,4
324,3,157.27,108.19,-28.13,0.37,323,11,primary_apical_trunk,4
325,3,157.37,108.39,-28.13,0.37,324,11,primary_apical_trunk,4
326,3,158.17,108.99,-28.13,0.37,325,11,primary_apical_trunk,4
327,3,158.07,108.79,-28.17,0.37,326,11,primary_apical_trunk,4
328,3,158.77,109.49,-28.31,0.37,327,11,primary_apical_trunk,4
329,3,159.47,110.09,-28.56,0.37,328,11,primary_apical_trunk,4
330,3,159.57,110.09,-28.56,0.37,329,11,primary_apical_trunk,4
331,3,160.27,110.29,-28.67,0.37,330,11,primary_apical_trunk,4
332,3,160.37,110.39,-28.67,0.37,331,11,primary_apical_trunk,4
333,3,160.77,110.79,-28.88,0.37,332,11,primary_apical_trunk,4
334,3,160.87,110.89,-28.88,0.37,333,11,primary_apical_trunk,4
335,3,161.97,111.79,-28.97,0.37,334,11,primary_apical_trunk,4
336,3,162.07,111.99,-29.01,0.37,335,11,primary_apical_trunk,4
337,3,162.27,112.79,-29.13,0.37,336,11,primary_apical_trunk,4
338,3,162.57,112.99,-29.13,0.37,337,11,primary_apical_trunk,4
339,3,163.27,113.39,-29.26,0.37,338,11,primary_apical_trunk,4
340,3,163.37,113.69,-29.31,0.37,339,11,primary_apical_trunk,4
341,3,163.97,114.69,-29.38,0.37,340,11,primary_apical_trunk,4
342,3,164.97,115.49,-29.51,0.37,341,11,primary_apical_trunk,4
343,3,164.97,115.59,-29.56,0.37,342,11,primary_apical_trunk,4
344,3,165.47,116.49,-29.56,0.37,343,11,primary_apical_trunk,4
345,3,165.57,116.69,-29.63,0.37,344,11,primary_apical_trunk,4
346,3,165.87,117.49,-29.67,0.37,345,11,primary_apical_trunk,4
347,3,165.97,117.69,-29.67,0.37,346,11,primary_apical_trunk,4
348,3,166.57,118.39,-29.76,0.37,347,11,primary_apical_trunk,4
349,3,167.47,119.49,-29.81,0.445,348,11,primary_apical_trunk,4
350,3,167.57,119.59,-29.81,0.445,349,11,primary_apical_trunk,4
351,3,168.47,120.19,-29.88,0.445,350,11,primary_apical_trunk,4
352,3,168.57,120.29,-29.88,0.445,351,11,primary_apical_trunk,4
353,3,169.17,121.09,-29.88,0.445,352,11,primary_apical_trunk,4
354,3,169.27,121.29,-29.88,0.445,353,11,primary_apical_trunk,4
355,3,169.77,122.09,-29.88,0.445,354,11,primary_apical_trunk,4
356,3,169.87,122.19,-29.88,0.445,355,11,primary_apical_trunk,4
357,3,170.67,122.59,-29.88,0.445,356,11,primary_apical_trunk,4
358,3,170.77,122.69,-29.88,0.445,357,11,primary_apical_trunk,4
359,3,171.27,123.29,-29.88,0.445,358,11,primary_apical_trunk,4
360,3,171.57,123.99,-30.13,0.445,359,11,primary_apical_trunk,4
361,3,172.67,124.89,-30.17,0.445,360,11,primary_apical_trunk,4
362,3,172.77,125.09,-30.17,0.445,361,11,primary_apical_trunk,4
363,3,173.47,125.99,-30.17,0.445,362,11,primary_apical_trunk,4
364,3,174.47,126.89,-30.17,0.445,363,11,primary_apical_trunk,4
365,3,175.07,127.59,-30.26,0.445,364,11,primary_apical_trunk,4
366,3,176.07,128.49,-30.51,0.445,365,11,primary_apical_trunk,4
367,3,176.07,128.59,-30.51,0.445,366,11,primary_apical_trunk,4
368,3,176.77,129.19,-30.63,0.445,367,11,primary_apical_trunk,4
369,3,176.87,129.19,-30.63,0.48,368,11,primary_apical_trunk,4
370,3,177.77,129.79,-30.67,0.48,369,11,primary_apical_trunk,4
371,3,178.77,129.89,-30.67,0.37,370,11,primary_apical_trunk,4
372,3,178.97,129.99,-30.67,0.37,371,11,primary_apical_trunk,4
373,3,179.77,130.09,-30.67,0.37,372,11,primary_apical_trunk,4
374,3,180.67,130.09,-30.67,0.37,373,11,primary_apical_trunk,4
375,3,181.37,130.29,-30.76,0.37,374,11,primary_apical_trunk,4
376,3,182.07,130.89,-30.97,0.37,375,11,primary_apical_trunk,4
377,3,182.97,131.49,-31.17,0.37,376,11,primary_apical_trunk,4
378,3,184.37,131.89,-31.38,0.37,377,11,primary_apical_trunk,4
379,3,184.57,131.99,-31.38,0.37,378,11,primary_apical_trunk,4
380,3,185.37,132.09,-31.38,0.37,379,11,primary_apical_trunk,4
381,3,185.77,132.29,-31.42,0.37,380,11,primary_apical_trunk,4
382,3,186.27,132.59,-31.42,0.37,381,11,primary_apical_trunk,4
383,3,186.37,132.59,-31.42,0.37,382,11,primary_apical_trunk,4
384,3,187.07,133.19,-31.47,0.37,383,11,primary_apical_trunk,4
385,3,186.97,133.09,-31.47,0.37,384,11,primary_apical_trunk,4
386,3,188.37,133.69,-31.56,0.295,385,11,primary_apical_trunk,4
387,3,189.27,134.39,-31.56,0.295,386,11,primary_apical_trunk,4
388,3,189.37,134.69,-31.56,0.295,387,11,primary_apical_trunk,4
389,3,189.97,135.19,-31.56,0.295,388,11,primary_apical_trunk,4
390,3,190.27,135.29,-31.56,0.295,389,11,primary_apical_trunk,4
391,3,190.87,135.49,-31.63,0.295,390,11,primary_apical_trunk,4
392,3,190.97,135.59,-31.63,0.295,391,11,primary_apical_trunk,4
393,3,192.07,136.59,-31.63,0.295,392,11,primary_apical_trunk,4
394,3,191.97,136.59,-31.67,0.295,393,11,primary_apical_trunk,4
395,3,192.97,137.29,-32.13,0.295,394,11,primary_apical_trunk,4
396,3,193.07,137.39,-32.13,0.295,395,11,primary_apical_trunk,4
397,3,193.97,137.79,-32.17,0.295,396,11,primary_apical_trunk,4
398,3,194.17,137.89,-32.17,0.295,397,11,primary_apical_trunk,4
399,3,195.17,138.39,-32.17,0.295,398,11,primary_apical_trunk,4
400,3,195.27,138.59,-32.22,0.295,399,11,primary_apical_trunk,4
401,3,196.07,139.29,-32.38,0.295,400,11,primary_apical_trunk,4
402,3,196.17,139.49,-32.38,0.295,401,11,primary_apical_trunk,4
403,3,196.67,139.99,-32.47,0.295,402,11,primary_apical_trunk,4
404,3,197.47,140.39,-32.51,0.295,403,11,primary_apical_trunk,4
405,3,197.57,140.49,-32.51,0.295,404,11,primary_apical_trunk,4
406,3,197.87,140.99,-33.47,0.22,405,11,primary_apical_trunk,4
407,3,198.87,141.49,-33.38,0.22,406,11,primary_apical_trunk,4
408,3,199.87,142.19,-33.31,0.22,407,11,primary_apical_trunk,4
409,3,199.97,142.39,-33.31,0.22,408,11,primary_apical_trunk,4
410,3,200.67,143.49,-33.31,0.22,409,11,primary_apical_trunk,4
411,3,201.27,143.89,-33.26,0.22,410,11,primary_apical_trunk,4
412,3,201.27,143.99,-33.26,0.22,411,11,primary_apical_trunk,4
413,3,202.07,144.79,-33.63,0.22,412,11,primary_apical_trunk,4
414,3,202.97,145.29,-33.88,0.22,413,11,primary_apical_trunk,4
415,3,203.87,146.29,-33.92,0.22,414,11,primary_apical_trunk,4
416,3,204.77,147.09,-33.92,0.22,415,11,primary_apical_trunk,4
417,3,205.37,147.49,-34.01,0.22,416,11,primary_apical_trunk,4
418,3,206.27,147.79,-34.17,0.22,417,11,primary_apical_trunk,4
419,3,207.27,148.39,-34.22,0.335,418,11,primary_apical_trunk,4
420,3,208.37,148.59,-34.26,0.335,419,11,primary_apical_trunk,4
421,3,208.47,148.69,-34.31,0.335,420,11,primary_apical_trunk,4
422,3,209.17,149.09,-34.63,0.335,421,11,primary_apical_trunk,4
423,3,209.27,149.29,-34.63,0.335,422,11,primary_apical_trunk,4
424,3,210.27,149.79,-34.72,0.335,423,11,primary_apical_trunk,4
425,3,211.27,150.59,-34.76,0.335,424,11,primary_apical_trunk,4
426,3,211.37,150.59,-34.81,0.335,425,11,primary_apical_trunk,4
427,3,212.37,151.39,-34.88,0.335,426,11,primary_apical_trunk,4
428,3,213.47,152.29,-35.26,0.26,427,11,primary_apical_trunk,4
429,3,213.57,152.49,-35.26,0.26,428,11,primary_apical_trunk,4
430,3,214.67,153.59,-35.31,0.26,429,11,primary_apical_trunk,4
431,3,215.87,154.69,-35.31,0.26,430,11,primary_apical_trunk,4
432,3,215.97,154.89,-35.31,0.26,431,11,primary_apical_trunk,4
433,3,216.77,155.59,-35.31,0.26,432,11,primary_apical_trunk,4
434,3,216.87,155.59,-35.38,0.26,433,11,primary_apical_trunk,4
435,3,217.67,156.19,-35.38,0.26,434,11,primary_apical_trunk,4
436,3,217.77,156.29,-35.38,0.26,435,11,primary_apical_trunk,4
437,3,218.77,156.59,-35.42,0.26,436,11,primary_apical_trunk,4
438,3,218.87,156.69,-35.42,0.26,437,11,primary_apical_trunk,4
439,3,219.77,156.99,-35.42,0.26,438,11,primary_apical_trunk,4
440,3,219.97,157.09,-35.42,0.26,439,11,primary_apical_trunk,4
441,3,220.97,157.19,-35.47,0.26,440,11,primary_apical_trunk,4
442,3,221.57,157.49,-35.67,0.26,441,11,primary_apical_trunk,4
443,3,222.57,158.39,-35.92,0.26,442,11,primary_apical_trunk,4
444,3,223.77,159.09,-36.13,0.26,443,11,primary_apical_trunk,4
445,3,224.57,159.39,-36.17,0.26,444,11,primary_apical_trunk,4
446,3,225.67,159.69,-36.47,0.26,445,11,primary_apical_trunk,4
447,3,225.57,159.69,-36.51,0.26,446,11,primary_apical_trunk,4
448,3,226.57,159.89,-36.56,0.26,447,11,primary_apical_trunk,4
449,3,227.47,159.69,-36.63,0.26,448,11,primary_apical_trunk,4
450,3,228.47,159.59,-37.38,0.185,449,11,primary_apical_trunk,4
451,3,229.57,159.69,-37.47,0.185,450,11,primary_apical_trunk,4
452,3,230.67,159.69,-37.47,0.185,451,11,primary_apical_trunk,4
453,3,232.17,159.69,-37.72,0.185,452,11,primary_apical_trunk,4
454,3,233.07,159.29,-37.76,0.185,453,11,primary_apical_trunk,4
455,3,234.07,158.89,-37.76,0.185,454,11,primary_apical_trunk,4
456,3,234.17,158.79,-37.76,0.185,455,11,primary_apical_trunk,4
457,3,234.47,158.79,-37.81,0.185,456,11,primary_apical_trunk,4
458,3,234.47,158.89,-37.88,0.185,457,11,primary_apical_trunk,4
459,3,235.07,158.99,-37.92,0.185,458,11,primary_apical_trunk,4
460,3,235.27,158.99,-37.92,0.185,459,11,primary_apical_trunk,4
461,3,236.07,159.29,-37.97,0.185,460,11,primary_apical_trunk,4
462,3,236.27,159.29,-37.97,0.185,461,11,primary_apical_trunk,4
463,3,237.17,159.7,-38.01,0.185,462,11,primary_apical_trunk,4
464,3,237.27,159.8,-38.06,0.185,463,11,primary_apical_trunk,4
465,3,238.27,160.1,-38.06,0.185,464,11,primary_apical_trunk,4
466,3,239.27,160.2,-38.06,0.185,465,11,primary_apical_trunk,4
467,3,239.57,160.4,-38.06,0.185,466,11,primary_apical_trunk,4
468,3,240.37,160.7,-38.06,0.185,467,11,primary_apical_trunk,4
469,3,241.37,160.7,-38.13,0.185,468,11,primary_apical_trunk,4
470,3,241.27,160.8,-38.13,0.185,469,11,primary_apical_trunk,4
471,3,242.27,161.0,-38.13,0.185,470,11,primary_apical_trunk,4
472,3,242.97,161.3,-38.51,0.185,471,11,primary_apical_trunk,4
473,3,243.07,161.3,-38.51,0.185,472,11,primary_apical_trunk,4
474,3,244.07,161.6,-38.56,0.185,473,11,primary_apical_trunk,4
475,3,245.27,161.7,-38.56,0.185,474,11,primary_apical_trunk,4
476,3,246.17,161.8,-38.56,0.185,475,11,primary_apical_trunk,4
477,3,247.07,162.1,-38.63,0.185,476,11,primary_apical_trunk,4
478,3,247.77,162.5,-38.63,0.185,477,11,primary_apical_trunk,4
479,3,248.97,162.5,-38.63,0.185,478,11,primary_apical_trunk,4
480,3,249.87,162.4,-38.63,0.185,479,11,primary_apical_trunk,4
481,3,251.47,162.4,-37.92,0.185,480,11,primary_apical_trunk,4
482,3,87.24,44.09,-17.4,0.185,199,12,primary_apical_trunk,4
483,3,87.79,45.89,-17.65,0.185,482,12,primary_apical_trunk,4
484,3,88.77,47.2,-17.74,0.185,483,12,primary_apical_trunk,4
485,3,88.75,47.3,-17.74,0.185,484,12,primary_apical_trunk,4
486,3,89.26,48.35,-17.83,0.185,485,12,primary_apical_trunk,4
487,3,90.05,49.46,-17.92,0.185,486,12,primary_apical_trunk,4
488,3,90.05,49.61,-17.99,0.185,487,12,primary_apical_trunk,4
489,3,90.87,50.78,-18.3,0.185,488,12,primary_apical_trunk,4
490,3,91.87,52.34,-18.65,0.185,489,12,primary_apical_trunk,4
491,3,91.91,52.57,-18.65,0.185,490,12,primary_apical_trunk,4
492,3,92.56,53.73,-18.67,0.185,491,12,primary_apical_trunk,4
493,3,92.33,53.42,-18.67,0.185,492,12,primary_apical_trunk,4
494,3,93.15,54.92,-18.74,0.185,493,12,primary_apical_trunk,4
495,3,93.18,55.15,-18.74,0.185,494,12,primary_apical_trunk,4
496,3,94.14,56.07,-18.74,0.185,495,12,primary_apical_trunk,4
497,3,94.12,56.25,-18.74,0.185,496,12,primary_apical_trunk,4
498,3,95.23,57.1,-18.74,0.185,497,12,primary_apical_trunk,4
499,3,95.23,57.26,-18.74,0.185,498,12,primary_apical_trunk,4
500,3,96.03,58.04,-18.8,0.185,499,12,primary_apical_trunk,4
501,3,96.93,58.79,-18.8,0.185,500,12,primary_apical_trunk,4
502,3,97.73,59.4,-18.9,0.185,501,12,primary_apical_trunk,4
503,3,97.93,59.4,-18.9,0.185,502,12,primary_apical_trunk,4
504,3,98.83,60.16,-18.99,0.185,503,12,primary_apical_trunk,4
505,3,99.93,60.95,-18.74,0.185,504,12,primary_apical_trunk,4
506,3,100.53,62.54,-18.55,0.185,505,12,primary_apical_trunk,4
507,3,101.33,63.58,-18.4,0.185,506,12,primary_apical_trunk,4
508,3,101.33,63.71,-18.4,0.185,507,12,primary_apical_trunk,4
509,3,102.33,64.61,-18.3,0.185,508,12,primary_apical_trunk,4
510,3,102.43,64.83,-18.3,0.185,509,12,primary_apical_trunk,4
511,3,102.83,65.75,-18.17,0.185,510,12,primary_apical_trunk,4
512,3,103.83,67.02,-18.05,0.185,511,12,primary_apical_trunk,4
513,3,103.83,67.18,-18.05,0.185,512,12,primary_apical_trunk,4
514,3,104.33,68.07,-17.99,0.185,513,12,primary_apical_trunk,4
515,3,105.33,69.07,-17.92,0.185,514,12,primary_apical_trunk,4
516,3,105.33,69.3,-17.92,0.185,515,12,primary_apical_trunk,4
517,3,106.13,70.16,-17.9,0.185,516,12,primary_apical_trunk,4
518,3,106.43,70.96,-18.15,0.185,517,12,primary_apical_trunk,4
519,3,106.43,70.96,-18.33,0.185,518,12,primary_apical_trunk,4
520,3,107.13,71.83,-18.65,0.185,519,12,primary_apical_trunk,4
521,3,107.23,71.96,-18.67,0.185,520,12,primary_apical_trunk,4
522,3,108.73,73.78,-18.83,0.185,521,12,primary_apical_trunk,4
523,3,108.83,73.98,-18.9,0.185,522,12,primary_apical_trunk,4
524,3,109.33,75.77,-18.92,0.185,523,12,primary_apical_trunk,4
525,3,109.43,75.99,-18.92,0.185,524,12,primary_apical_trunk,4
526,3,109.93,76.78,-18.99,0.185,525,12,primary_apical_trunk,4
527,3,110.53,77.74,-19.15,0.185,526,12,primary_apical_trunk,4
528,3,111.33,78.9,-19.17,0.185,527,12,primary_apical_trunk,4
529,3,112.33,80.46,-19.05,0.185,528,12,primary_apical_trunk,4
530,3,113.13,81.55,-18.9,0.185,529,12,primary_apical_trunk,4
531,3,113.13,81.72,-18.83,0.185,530,12,primary_apical_trunk,4
532,3,113.63,82.95,-18.74,0.185,531,12,primary_apical_trunk,4
533,3,113.73,83.15,-18.74,0.185,532,12,primary_apical_trunk,4
534,3,114.43,84.2,-18.65,0.185,533,12,primary_apical_trunk,4
535,3,114.53,84.47,-18.65,0.185,534,12,primary_apical_trunk,4
536,3,115.03,86.06,-18.55,0.185,535,12,primary_apical_trunk,4
537,3,115.63,87.38,-18.42,0.185,536,12,primary_apical_trunk,4
538,3,115.53,87.18,-18.42,0.185,537,12,primary_apical_trunk,4
539,3,116.03,88.72,-18.9,0.185,538,12,primary_apical_trunk,4
540,3,116.23,89.0,-18.99,0.185,539,12,primary_apical_trunk,4
541,3,116.53,90.22,-19.08,0.185,540,12,primary_apical_trunk,4
542,3,116.63,90.42,-19.08,0.185,541,12,primary_apical_trunk,4
543,3,117.53,91.64,-19.24,0.185,542,12,primary_apical_trunk,4
544,3,118.23,93.26,-19.33,0.185,543,12,primary_apical_trunk,4
545,3,118.23,93.5,-19.33,0.185,544,12,primary_apical_trunk,4
546,3,118.63,94.79,-19.4,0.185,545,12,primary_apical_trunk,4
547,3,119.03,95.8,-19.4,0.185,546,12,primary_apical_trunk,4
548,3,119.03,95.98,-19.4,0.185,547,12,primary_apical_trunk,4
549,3,119.83,97.15,-19.42,0.185,548,12,primary_apical_trunk,4
550,3,119.93,97.35,-19.42,0.185,549,12,primary_apical_trunk,4
551,3,120.23,98.45,-19.42,0.185,550,12,primary_apical_trunk,4
552,3,120.13,98.55,-19.42,0.185,551,12,primary_apical_trunk,4
553,3,120.93,99.75,-19.49,0.185,552,12,primary_apical_trunk,4
554,3,121.13,100.92,-19.49,0.185,553,12,primary_apical_trunk,4
555,3,121.63,102.38,-19.58,0.185,554,12,primary_apical_trunk,4
556,3,122.43,103.9,-18.92,0.26,555,12,primary_apical_trunk,4
557,3,122.33,104.01,-18.92,0.26,556,12,primary_apical_trunk,4
558,3,123.13,105.35,-18.92,0.26,557,12,primary_apical_trunk,4
559,3,123.73,106.46,-18.92,0.26,558,12,primary_apical_trunk,4
560,3,123.83,106.56,-18.92,0.26,559,12,primary_apical_trunk,4
561,3,124.53,107.46,-18.9,0.26,560,12,primary_apical_trunk,4
562,3,125.23,108.56,-18.9,0.26,561,12,primary_apical_trunk,4
563,3,126.13,109.56,-18.9,0.26,562,12,primary_apical_trunk,4
564,3,126.23,109.66,-18.9,0.26,563,12,primary_apical_trunk,4
565,3,126.83,110.66,-18.9,0.26,564,12,primary_apical_trunk,4
566,3,126.93,110.76,-18.9,0.26,565,12,primary_apical_trunk,4
567,3,127.93,111.96,-19.15,0.335,566,12,primary_apical_trunk,4
568,3,128.73,113.06,-19.24,0.335,567,12,primary_apical_trunk,4
569,3,129.33,113.86,-19.3,0.335,568,12,primary_apical_trunk,4
570,3,129.43,113.96,-19.3,0.335,569,12,primary_apical_trunk,4
571,3,130.03,114.96,-19.33,0.335,570,12,primary_apical_trunk,4
572,3,130.03,115.16,-19.33,0.335,571,12,primary_apical_trunk,4
573,3,130.63,116.06,-19.4,0.335,572,12,primary_apical_trunk,4
574,3,130.73,116.26,-19.4,0.335,573,12,primary_apical_trunk,4
575,3,131.73,117.46,-19.42,0.335,574,12,primary_apical_trunk,4
576,3,131.53,117.46,-19.42,0.335,575,12,primary_apical_trunk,4
577,3,132.73,118.66,-19.8,0.335,576,12,primary_apical_trunk,4
578,3,132.73,118.76,-19.83,0.335,577,12,primary_apical_trunk,4
579,3,133.73,119.76,-19.83,0.335,578,12,primary_apical_trunk,4
580,3,134.73,121.26,-19.9,0.335,579,12,primary_apical_trunk,4
581,3,134.73,121.36,-19.9,0.335,580,12,primary_apical_trunk,4
582,3,135.53,122.66,-19.9,0.335,581,12,primary_apical_trunk,4
583,3,135.63,122.86,-19.9,0.335,582,12,primary_apical_trunk,4
584,3,136.53,123.86,-19.99,0.335,583,12,primary_apical_trunk,4
585,3,136.53,123.96,-20.05,0.335,584,12,primary_apical_trunk,4
586,3,137.53,125.26,-20.08,0.335,585,12,primary_apical_trunk,4
587,3,137.63,125.36,-20.08,0.335,586,12,primary_apical_trunk,4
588,3,137.83,126.16,-20.15,0.335,587,12,primary_apical_trunk,4
589,3,137.93,126.36,-20.15,0.335,588,12,primary_apical_trunk,4
590,3,138.53,127.26,-20.15,0.335,589,12,primary_apical_trunk,4
591,3,138.93,128.36,-20.58,0.26,590,12,primary_apical_trunk,4
592,3,138.83,128.46,-20.58,0.26,591,12,primary_apical_trunk,4
593,3,139.13,129.86,-20.58,0.26,592,12,primary_apical_trunk,4
594,3,139.53,130.86,-20.65,0.26,593,12,primary_apical_trunk,4
595,3,140.03,131.76,-20.8,0.26,594,12,primary_apical_trunk,4
596,3,140.73,132.86,-20.9,0.26,595,12,primary_apical_trunk,4
597,3,140.73,132.96,-20.92,0.26,596,12,primary_apical_trunk,4
598,3,141.83,134.86,-20.99,0.26,597,12,primary_apical_trunk,4
599,3,141.73,134.76,-20.99,0.26,598,12,primary_apical_trunk,4
600,3,142.53,136.36,-21.15,0.295,599,12,primary_apical_trunk,4
601,3,143.63,138.16,-21.15,0.295,600,12,primary_apical_trunk,4
602,3,143.63,138.26,-21.15,0.295,601,12,primary_apical_trunk,4
603,3,144.73,139.36,-21.15,0.295,602,12,primary_apical_trunk,4
604,3,145.23,140.66,-21.17,0.295,603,12,primary_apical_trunk,4
605,3,146.63,142.66,-21.24,0.295,604,12,primary_apical_trunk,4
606,3,147.53,144.26,-21.24,0.295,605,12,primary_apical_trunk,4
607,3,147.63,144.46,-21.24,0.295,606,12,primary_apical_trunk,4
608,3,148.13,145.66,-21.24,0.295,607,12,primary_apical_trunk,4
609,3,149.03,147.06,-21.24,0.295,608,12,primary_apical_trunk,4
610,3,150.03,148.26,-21.24,0.295,609,12,primary_apical_trunk,4
611,3,150.03,148.36,-21.24,0.295,610,12,primary_apical_trunk,4
612,3,150.73,149.56,-21.24,0.295,611,12,primary_apical_trunk,4
613,3,150.83,149.76,-21.24,0.295,612,12,primary_apical_trunk,4
614,3,151.43,150.56,-21.33,0.295,613,12,primary_apical_trunk,4
615,3,152.13,151.36,-21.49,0.295,614,12,primary_apical_trunk,4
616,3,152.83,152.16,-21.65,0.295,615,12,primary_apical_trunk,4
617,3,152.83,152.36,-21.65,0.295,616,12,primary_apical_trunk,4
618,3,153.53,153.46,-21.8,0.295,617,12,primary_apical_trunk,4
619,3,153.53,153.66,-21.8,0.295,618,12,primary_apical_trunk,4
620,3,153.63,154.76,-21.9,0.295,619,12,primary_apical_trunk,4
621,3,154.23,155.86,-21.99,0.295,620,12,primary_apical_trunk,4
622,3,155.03,156.96,-22.49,0.295,621,12,primary_apical_trunk,4
623,3,155.03,157.16,-22.49,0.295,622,12,primary_apical_trunk,4
624,3,156.23,158.16,-22.55,0.295,623,12,primary_apical_trunk,4
625,3,157.13,159.16,-22.55,0.295,624,12,primary_apical_trunk,4
626,3,157.23,159.26,-22.55,0.295,625,12,primary_apical_trunk,4
627,3,157.83,160.26,-22.55,0.295,626,12,primary_apical_trunk,4
628,3,158.73,161.36,-22.67,0.295,627,12,primary_apical_trunk,4
629,3,159.33,162.56,-22.74,0.295,628,12,primary_apical_trunk,4
630,3,160.13,163.66,-22.8,0.295,629,12,primary_apical_trunk,4
631,3,161.43,165.06,-22.99,0.295,630,12,primary_apical_trunk,4
632,3,162.53,165.76,-22.99,0.295,631,12,primary_apical_trunk,4
633,3,162.63,165.86,-23.05,0.295,632,12,primary_apical_trunk,4
634,3,163.83,166.36,-23.05,0.295,633,12,primary_apical_trunk,4
635,3,163.93,166.46,-23.05,0.295,634,12,primary_apical_trunk,4
636,3,165.13,167.16,-23.08,0.295,635,12,primary_apical_trunk,4
637,3,166.33,167.96,-23.24,0.295,636,12,primary_apical_trunk,4
638,3,166.43,168.16,-23.24,0.295,637,12,primary_apical_trunk,4
639,3,167.33,169.06,-23.24,0.295,638,12,primary_apical_trunk,4
640,3,168.23,169.86,-23.08,0.295,639,12,primary_apical_trunk,4
641,3,168.23,169.96,-23.05,0.295,640,12,primary_apical_trunk,4
642,3,168.93,170.86,-22.92,0.295,641,12,primary_apical_trunk,4
643,3,169.83,172.56,-22.8,0.295,642,12,primary_apical_trunk,4
644,3,169.73,172.36,-22.8,0.295,643,12,primary_apical_trunk,4
645,3,171.43,174.86,-22.65,0.295,644,12,primary_apical_trunk,4
646,3,171.43,174.96,-22.65,0.295,645,12,primary_apical_trunk,4
647,3,172.43,176.46,-22.65,0.295,646,12,primary_apical_trunk,4
648,3,172.43,176.66,-22.58,0.295,647,12,primary_apical_trunk,4
649,3,174.03,178.06,-22.58,0.295,648,12,primary_apical_trunk,4
650,3,175.53,178.96,-22.58,0.295,649,12,primary_apical_trunk,4
651,3,176.43,180.06,-22.55,0.295,650,12,primary_apical_trunk,4
652,3,177.93,180.66,-22.55,0.295,651,12,primary_apical_trunk,4
653,3,177.73,180.56,-22.55,0.295,652,12,primary_apical_trunk,4
654,3,178.73,180.76,-22.92,0.22,653,12,primary_apical_trunk,4
655,3,180.13,181.06,-22.99,0.22,654,12,primary_apical_trunk,4
656,3,181.23,180.96,-23.08,0.22,655,12,primary_apical_trunk,4
657,3,182.53,181.26,-23.17,0.22,656,12,primary_apical_trunk,4
658,3,183.33,181.46,-23.33,0.22,657,12,primary_apical_trunk,4
659,3,184.03,182.16,-23.58,0.22,658,12,primary_apical_trunk,4
660,3,185.43,182.56,-23.8,0.22,659,12,primary_apical_trunk,4
661,3,186.83,183.26,-24.08,0.22,660,12,primary_apical_trunk,4
662,3,186.93,183.36,-24.08,0.22,661,12,primary_apical_trunk,4
663,3,187.93,184.16,-24.17,0.22,662,12,primary_apical_trunk,4
664,3,188.93,185.06,-24.3,0.22,663,12,primary_apical_trunk,4
665,3,190.13,186.06,-24.55,0.185,664,12,primary_apical_trunk,4
666,3,191.03,186.86,-24.58,0.185,665,12,primary_apical_trunk,4
667,3,191.13,187.06,-24.58,0.185,666,12,primary_apical_trunk,4
668,3,192.63,188.36,-24.75,0.185,667,12,primary_apical_trunk,4
669,3,194.13,189.06,-24.8,0.185,668,12,primary_apical_trunk,4
670,3,194.13,189.16,-24.8,0.185,669,12,primary_apical_trunk,4
671,3,195.43,189.56,-24.83,0.185,670,12,primary_apical_trunk,4
672,3,195.53,189.66,-24.83,0.185,671,12,primary_apical_trunk,4
673,3,196.43,189.86,-24.92,0.185,672,12,primary_apical_trunk,4
674,3,196.63,189.96,-24.92,0.185,673,12,primary_apical_trunk,4
675,3,198.23,190.46,-25.0,0.185,674,12,primary_apical_trunk,4
676,3,198.43,190.66,-25.0,0.185,675,12,primary_apical_trunk,4
677,3,199.83,191.76,-25.0,0.185,676,12,primary_apical_trunk,4
678,3,201.93,192.96,-25.05,0.185,677,12,primary_apical_trunk,4
679,3,201.93,193.06,-25.05,0.185,678,12,primary_apical_trunk,4
680,3,203.03,193.76,-25.05,0.185,679,12,primary_apical_trunk,4
681,3,203.13,193.86,-25.05,0.185,680,12,primary_apical_trunk,4
682,3,204.23,194.76,-25.05,0.185,681,12,primary_apical_trunk,4
683,3,204.33,194.86,-25.05,0.185,682,12,primary_apical_trunk,4
684,3,205.83,195.76,-25.05,0.185,683,12,primary_apical_trunk,4
685,3,207.43,197.36,-25.05,0.185,684,12,primary_apical_trunk,4
686,3,207.63,197.66,-25.05,0.185,685,12,primary_apical_trunk,4
687,3,208.63,199.36,-25.05,0.185,686,12,primary_apical_trunk,4
688,3,208.93,200.26,-25.05,0.185,687,12,primary_apical_trunk,4
689,3,209.13,200.46,-25.05,0.185,688,12,primary_apical_trunk,4
690,3,209.73,201.56,-25.05,0.185,689,12,primary_apical_trunk,4
691,3,210.33,202.26,-25.53,0.185,690,12,primary_apical_trunk,4
692,3,210.93,203.06,-25.58,0.185,691,12,primary_apical_trunk,4
693,3,211.73,204.06,-25.65,0.185,692,12,primary_apical_trunk,4
694,3,212.43,204.66,-25.65,0.185,693,12,primary_apical_trunk,4
695,3,213.53,205.46,-25.69,0.185,694,12,primary_apical_trunk,4
696,3,214.73,206.56,-26.58,0.185,695,12,primary_apical_trunk,4
697,3,215.23,207.76,-26.65,0.15,696,12,primary_apical_trunk,4
698,3,215.83,209.06,-26.65,0.15,697,12,primary_apical_trunk,4
699,3,216.13,210.26,-26.69,0.15,698,12,primary_apical_trunk,4
700,3,216.03,210.36,-26.69,0.15,699,12,primary_apical_trunk,4
701,3,216.73,211.26,-26.74,0.15,700,12,primary_apical_trunk,4
702,3,217.53,212.36,-27.44,0.15,701,12,primary_apical_trunk,4
703,3,217.63,212.36,-27.44,0.15,702,12,primary_apical_trunk,4
704,3,218.53,213.96,-27.44,0.15,703,12,primary_apical_trunk,4
705,3,218.53,214.06,-27.49,0.15,704,12,primary_apical_trunk,4
706,3,219.13,214.96,-27.49,0.15,705,12,primary_apical_trunk,4
707,3,219.23,215.26,-27.49,0.15,706,12,primary_apical_trunk,4
708,3,219.43,216.16,-27.49,0.15,707,12,primary_apical_trunk,4
709,3,219.53,216.36,-27.49,0.15,708,12,primary_apical_trunk,4
710,3,219.93,217.16,-27.53,0.15,709,12,primary_apical_trunk,4
711,3,220.03,217.36,-27.53,0.15,710,12,primary_apical_trunk,4
712,3,220.53,218.06,-27.58,0.15,711,12,primary_apical_trunk,4
713,3,221.33,218.76,-27.58,0.15,712,12,primary_apical_trunk,4
714,3,221.33,218.86,-27.58,0.15,713,12,primary_apical_trunk,4
715,3,221.83,219.96,-27.65,0.15,714,12,primary_apical_trunk,4
716,3,222.53,221.16,-27.94,0.15,715,12,primary_apical_trunk,4
717,3,222.63,221.36,-27.94,0.15,716,12,primary_apical_trunk,4
718,3,223.23,222.56,-28.03,0.15,717,12,primary_apical_trunk,4
719,3,223.33,222.86,-28.03,0.15,718,12,primary_apical_trunk,4
720,3,223.63,223.86,-28.03,0.15,719,12,primary_apical_trunk,4
721,3,223.73,224.06,-28.03,0.15,720,12,primary_apical_trunk,4
722,3,224.43,225.06,-28.08,0.15,721,12,primary_apical_trunk,4
723,3,224.53,225.36,-28.08,0.15,722,12,primary_apical_trunk,4
724,3,224.83,226.06,-28.08,0.15,723,12,primary_apical_trunk,4
725,3,224.83,226.26,-28.08,0.15,724,12,primary_apical_trunk,4
726,3,225.43,227.16,-28.08,0.15,725,12,primary_apical_trunk,4
727,3,225.23,226.86,-28.08,0.15,726,12,primary_apical_trunk,4
728,3,226.33,228.46,-28.08,0.11,727,12,primary_apical_trunk,4
729,3,226.43,228.66,-28.08,0.11,728,12,primary_apical_trunk,4
730,3,226.73,229.36,-28.08,0.11,729,12,primary_apical_trunk,4
731,3,227.23,230.46,-28.49,0.11,730,12,primary_apical_trunk,4
732,3,227.73,231.36,-28.49,0.11,731,12,primary_apical_trunk,4
733,3,228.43,232.36,-28.49,0.11,732,12,primary_apical_trunk,4
734,3,228.53,232.46,-28.49,0.11,733,12,primary_apical_trunk,4
735,3,229.13,233.16,-28.49,0.11,734,12,primary_apical_trunk,4
736,3,229.13,233.26,-28.49,0.11,735,12,primary_apical_trunk,4
737,3,229.23,234.36,-28.49,0.11,736,12,primary_apical_trunk,4
738,3,229.33,234.46,-28.49,0.11,737,12,primary_apical_trunk,4
739,3,229.23,235.46,-28.49,0.11,738,12,primary_apical_trunk,4
740,3,229.33,235.36,-28.49,0.11,739,12,primary_apical_trunk,4
741,3,48.04,8.38,-12.4,0.445,135,13,primary_apical_trunk,4
742,3,48.32,9.64,-12.68,0.445,741,13,primary_apical_trunk,4
743,3,48.42,10.83,-12.84,0.445,742,13,primary_apical_trunk,4
744,3,48.51,11.86,-13.02,0.445,743,13,primary_apical_trunk,4
745,3,48.66,13.02,-13.59,0.445,744,13,primary_apical_trunk,4
746,3,48.7,14.07,-13.9,0.445,745,13,primary_apical_trunk,4
747,3,48.93,14.86,-14.65,0.335,746,13,primary_apical_trunk,4
748,3,49.1,15.92,-14.77,0.335,747,13,primary_apical_trunk,4
749,3,49.21,16.95,-15.15,0.335,748,13,primary_apical_trunk,4
750,3,49.1,17.89,-15.27,0.335,749,13,primary_apical_trunk,4
751,3,49.12,18.14,-15.27,0.335,750,13,primary_apical_trunk,4
752,3,49.22,18.65,-15.4,0.335,751,13,primary_apical_trunk,4
753,3,49.71,19.65,-15.43,0.335,752,13,primary_apical_trunk,4
754,3,49.67,19.74,-15.43,0.335,753,13,primary_apical_trunk,4
755,3,49.51,20.89,-15.59,0.335,754,13,primary_apical_trunk,4
756,3,49.96,22.16,-16.52,0.445,755,13,primary_apical_trunk,4
757,3,50.21,23.36,-16.52,0.445,756,13,primary_apical_trunk,4
758,3,50.34,24.43,-16.27,0.445,757,13,primary_apical_trunk,4
759,3,50.4,25.57,-16.18,0.445,758,13,primary_apical_trunk,4
760,3,50.68,26.48,-16.25,0.445,759,13,primary_apical_trunk,4
761,3,50.95,27.51,-16.5,0.445,760,13,primary_apical_trunk,4
762,3,51.01,28.46,-17.25,0.445,761,13,primary_apical_trunk,4
763,3,51.25,29.65,-17.52,0.445,762,13,primary_apical_trunk,4
764,3,50.89,30.9,-17.52,0.445,763,13,primary_apical_trunk,4
765,3,50.99,31.1,-17.59,0.445,764,13,primary_apical_trunk,4
766,3,51.42,31.96,-17.59,0.445,765,13,primary_apical_trunk,4
767,3,51.48,32.09,-17.59,0.445,766,13,primary_apical_trunk,4
768,3,51.89,33.12,-17.68,0.445,767,13,primary_apical_trunk,4
769,3,51.76,34.18,-18.5,0.26,768,13,primary_apical_trunk,4
770,3,51.83,34.31,-18.5,0.26,769,13,primary_apical_trunk,4
771,3,52.45,34.92,-18.5,0.26,770,13,primary_apical_trunk,4
772,3,53.24,35.01,-18.5,0.26,771,13,primary_apical_trunk,4
773,3,53.34,35.03,-18.5,0.26,772,13,primary_apical_trunk,4
774,3,53.87,35.12,-18.5,0.26,773,13,primary_apical_trunk,4
775,3,53.96,35.32,-18.5,0.26,774,13,primary_apical_trunk,4
776,3,54.22,35.84,-18.5,0.26,775,13,primary_apical_trunk,4
777,3,54.22,36.01,-18.5,0.26,776,13,primary_apical_trunk,4
778,3,54.0,36.37,-18.5,0.26,777,13,primary_apical_trunk,4
779,3,54.18,37.42,-19.59,0.26,778,13,primary_apical_trunk,4
780,3,54.43,38.29,-19.65,0.26,779,13,primary_apical_trunk,4
781,3,54.69,39.47,-19.65,0.26,780,13,primary_apical_trunk,4
782,3,54.96,40.33,-20.27,0.335,781,13,primary_apical_trunk,4
783,3,55.42,41.1,-19.68,0.335,782,13,primary_apical_trunk,4
784,3,56.38,41.85,-19.5,0.335,783,13,primary_apical_trunk,4
785,3,56.44,41.99,-19.5,0.335,784,13,primary_apical_trunk,4
786,3,56.71,42.68,-19.4,0.335,785,13,primary_apical_trunk,4
787,3,56.3,43.88,-19.25,0.335,786,13,primary_apical_trunk,4
788,3,56.29,44.53,-20.4,0.295,787,13,primary_apical_trunk,4
789,3,57.47,44.94,-20.5,0.295,788,13,primary_apical_trunk,4
790,3,57.54,45.07,-20.5,0.295,789,13,primary_apical_trunk,4
791,3,57.77,46.03,-20.52,0.295,790,13,primary_apical_trunk,4
792,3,57.69,46.22,-20.52,0.295,791,13,primary_apical_trunk,4
793,3,57.4,46.94,-20.52,0.295,792,13,primary_apical_trunk,4
794,3,57.42,47.67,-20.65,0.295,793,13,primary_apical_trunk,4
795,3,57.74,48.16,-20.93,0.295,794,13,primary_apical_trunk,4
796,3,57.71,48.92,-21.15,0.295,795,13,primary_apical_trunk,4
797,3,57.77,49.06,-21.15,0.295,796,13,primary_apical_trunk,4
798,3,57.84,49.85,-21.18,0.295,797,13,primary_apical_trunk,4
799,3,57.63,50.95,-21.25,0.295,798,13,primary_apical_trunk,4
800,3,57.99,51.66,-21.65,0.48,799,13,primary_apical_trunk,4
801,3,58.41,52.69,-21.68,0.48,800,13,primary_apical_trunk,4
802,3,58.87,53.29,-21.68,0.48,801,13,primary_apical_trunk,4
803,3,58.96,53.49,-21.68,0.48,802,13,primary_apical_trunk,4
804,3,58.73,54.19,-21.68,0.48,803,13,primary_apical_trunk,4
805,3,58.89,55.0,-21.75,0.48,804,13,primary_apical_trunk,4
806,3,59.26,55.9,-21.84,0.48,805,13,primary_apical_trunk,4
807,3,59.0,56.92,-22.4,0.295,806,13,primary_apical_trunk,4
808,3,59.47,58.01,-22.4,0.295,807,13,primary_apical_trunk,4
809,3,60.26,58.43,-22.4,0.295,808,13,primary_apical_trunk,4
810,3,60.24,59.44,-22.43,0.665,809,13,primary_apical_trunk,4
811,3,60.78,60.16,-22.43,0.665,810,13,primary_apical_trunk,4
812,3,61.04,60.68,-22.77,0.665,811,13,primary_apical_trunk,4
813,3,61.71,61.74,-22.9,0.665,812,13,primary_apical_trunk,4
814,3,62.18,62.69,-23.0,0.405,813,13,primary_apical_trunk,4
815,3,62.53,63.73,-23.02,0.295,814,13,primary_apical_trunk,4
816,3,63.29,64.59,-23.02,0.295,815,13,primary_apical_trunk,4
817,3,63.57,65.36,-23.18,0.295,816,13,primary_apical_trunk,4
818,3,63.54,65.46,-23.18,0.295,817,13,primary_apical_trunk,4
819,3,63.04,66.45,-23.18,0.295,818,13,primary_apical_trunk,4
820,3,62.9,66.67,-23.18,0.295,819,13,primary_apical_trunk,4
821,3,62.58,67.17,-23.18,0.295,820,13,primary_apical_trunk,4
822,3,62.57,67.33,-23.18,0.295,821,13,primary_apical_trunk,4
823,3,62.71,68.09,-23.25,0.295,822,13,primary_apical_trunk,4
824,3,62.6,68.89,-23.27,0.295,823,13,primary_apical_trunk,4
825,3,62.75,69.87,-23.27,0.295,824,13,primary_apical_trunk,4
826,3,62.69,70.56,-23.34,0.295,825,13,primary_apical_trunk,4
827,3,62.75,70.69,-23.34,0.295,826,13,primary_apical_trunk,4
828,3,62.85,71.56,-23.34,0.295,827,13,primary_apical_trunk,4
829,3,63.19,72.22,-23.5,0.445,828,13,primary_apical_trunk,4
830,3,64.32,73.3,-23.5,0.445,829,13,primary_apical_trunk,4
831,3,64.26,73.4,-23.5,0.445,830,13,primary_apical_trunk,4
832,3,64.53,74.1,-23.52,0.775,831,13,primary_apical_trunk,4
833,3,64.56,74.83,-23.75,0.775,832,13,primary_apical_trunk,4
834,3,64.53,75.75,-23.77,0.775,833,13,primary_apical_trunk,4
835,3,64.42,76.54,-23.77,0.775,834,13,primary_apical_trunk,4
836,3,64.42,76.54,-23.77,0.26,835,14,primary_apical_trunk,4
837,3,64.48,76.67,-23.77,0.26,836,14,primary_apical_trunk,4
838,3,64.63,77.5,-23.77,0.26,837,14,primary_apical_trunk,4
839,3,64.6,77.6,-23.83,0.26,838,14,primary_apical_trunk,4
840,3,64.92,78.77,-23.83,0.26,839,14,primary_apical_trunk,4
841,3,65.45,79.97,-23.68,0.26,840,14,primary_apical_trunk,4
842,3,65.83,81.27,-23.7,0.26,841,14,primary_apical_trunk,4
843,3,66.43,82.96,-24.28,0.26,842,14,primary_apical_trunk,4
844,3,66.48,84.24,-24.28,0.26,843,14,primary_apical_trunk,4
845,3,66.63,85.4,-24.58,0.26,844,14,primary_apical_trunk,4
846,3,66.7,86.85,-24.93,0.26,845,14,primary_apical_trunk,4
847,3,66.95,87.71,-24.93,0.26,846,14,primary_apical_trunk,4
848,3,67.08,88.8,-25.43,0.335,847,14,primary_apical_trunk,4
849,3,67.43,89.68,-25.43,0.335,848,14,primary_apical_trunk,4
850,3,67.65,90.82,-25.97,0.22,849,14,primary_apical_trunk,4
851,3,67.68,90.89,-26.02,0.22,850,14,primary_apical_trunk,4
852,3,67.94,92.24,-26.22,0.22,851,14,primary_apical_trunk,4
853,3,68.4,93.99,-26.81,0.295,852,14,primary_apical_trunk,4
854,3,68.54,95.31,-26.86,0.295,853,14,primary_apical_trunk,4
855,3,68.41,96.37,-26.86,0.295,854,14,primary_apical_trunk,4
856,3,68.4,97.35,-27.22,0.295,855,14,primary_apical_trunk,4
857,3,68.07,98.68,-27.47,0.295,856,14,primary_apical_trunk,4
858,3,67.82,99.7,-27.61,0.295,857,14,primary_apical_trunk,4
859,3,67.95,101.28,-27.81,0.295,858,14,primary_apical_trunk,4
860,3,68.16,102.41,-27.81,0.295,859,14,primary_apical_trunk,4
861,3,68.1,102.6,-27.86,0.295,860,14,primary_apical_trunk,4
862,3,68.16,103.23,-27.86,0.295,861,14,primary_apical_trunk,4
863,3,68.56,103.85,-27.86,0.295,862,14,primary_apical_trunk,4
864,3,68.82,104.57,-27.93,0.555,863,14,primary_apical_trunk,4
865,3,68.8,104.66,-27.93,0.555,864,14,primary_apical_trunk,4
866,3,69.1,105.66,-27.93,0.555,865,14,primary_apical_trunk,4
867,3,69.61,106.36,-27.93,0.555,866,14,primary_apical_trunk,4
868,3,69.94,106.96,-27.93,0.295,867,14,primary_apical_trunk,4
869,3,69.76,107.96,-28.86,0.295,868,14,primary_apical_trunk,4
870,3,69.73,108.86,-28.86,0.48,869,14,primary_apical_trunk,4
871,3,69.98,110.06,-28.86,0.48,870,14,primary_apical_trunk,4
872,3,70.12,111.06,-28.97,0.48,871,14,primary_apical_trunk,4
873,3,70.23,111.96,-28.93,0.405,872,14,primary_apical_trunk,4
874,3,70.73,113.56,-28.81,0.405,873,14,primary_apical_trunk,4
875,3,70.88,114.56,-28.81,0.405,874,14,primary_apical_trunk,4
876,3,71.24,115.46,-28.86,0.405,875,14,primary_apical_trunk,4
877,3,72.02,116.46,-29.56,0.37,876,14,primary_apical_trunk,4
878,3,72.06,116.66,-29.56,0.37,877,14,primary_apical_trunk,4
879,3,72.38,117.46,-29.61,0.37,878,14,primary_apical_trunk,4
880,3,72.41,117.66,-29.61,0.37,879,14,primary_apical_trunk,4
881,3,72.5,118.76,-29.61,0.37,880,14,primary_apical_trunk,4
882,3,72.57,118.86,-29.61,0.37,881,14,primary_apical_trunk,4
883,3,72.59,119.96,-29.61,0.37,882,14,primary_apical_trunk,4
884,3,72.79,121.26,-30.31,0.37,883,14,primary_apical_trunk,4
885,3,72.74,121.36,-30.31,0.37,884,14,primary_apical_trunk,4
886,3,72.81,122.46,-30.31,0.37,885,14,primary_apical_trunk,4
887,3,72.8,122.66,-30.31,0.37,886,14,primary_apical_trunk,4
888,3,73.19,123.86,-30.36,0.37,887,14,primary_apical_trunk,4
889,3,73.19,124.96,-30.47,0.37,888,14,primary_apical_trunk,4
890,3,73.27,125.96,-30.81,0.37,889,14,primary_apical_trunk,4
891,3,73.6,127.16,-30.81,0.37,890,14,primary_apical_trunk,4
892,3,73.81,128.46,-30.97,0.37,891,14,primary_apical_trunk,4
893,3,74.51,129.46,-31.27,0.48,892,14,primary_apical_trunk,4
894,3,74.77,130.66,-31.36,0.48,893,14,primary_apical_trunk,4
895,3,75.22,131.76,-31.61,0.48,894,14,primary_apical_trunk,4
896,3,75.74,132.96,-31.68,0.48,895,14,primary_apical_trunk,4
897,3,75.7,134.06,-31.72,0.48,896,14,primary_apical_trunk,4
898,3,75.86,135.26,-31.72,0.48,897,14,primary_apical_trunk,4
899,3,75.92,135.36,-31.72,0.48,898,14,primary_apical_trunk,4
900,3,76.07,136.16,-31.72,0.48,899,14,primary_apical_trunk,4
901,3,75.64,137.16,-31.72,0.48,900,14,primary_apical_trunk,4
902,3,75.82,137.86,-32.18,0.48,901,14,primary_apical_trunk,4
903,3,76.65,138.06,-32.22,0.48,902,14,primary_apical_trunk,4
904,3,77.06,138.56,-32.27,0.63,903,14,primary_apical_trunk,4
905,3,77.76,139.16,-32.97,0.63,904,14,primary_apical_trunk,4
906,3,78.15,140.06,-33.02,0.63,905,14,primary_apical_trunk,4
907,3,78.64,140.96,-33.02,0.445,906,14,primary_apical_trunk,4
908,3,79.1,141.86,-33.22,0.445,907,14,primary_apical_trunk,4
909,3,79.51,143.36,-33.36,0.445,908,14,primary_apical_trunk,4
910,3,79.63,144.86,-33.47,0.445,909,14,primary_apical_trunk,4
911,3,79.69,144.96,-33.52,0.445,910,14,primary_apical_trunk,4
912,3,79.95,145.96,-33.68,0.445,911,14,primary_apical_trunk,4
913,3,79.98,147.16,-33.77,0.445,912,14,primary_apical_trunk,4
914,3,80.54,147.96,-34.02,0.445,913,14,primary_apical_trunk,4
915,3,81.03,148.76,-34.22,0.445,914,14,primary_apical_trunk,4
916,3,81.09,148.96,-34.27,0.445,915,14,primary_apical_trunk,4
917,3,81.48,149.86,-34.31,0.445,916,14,primary_apical_trunk,4
918,3,81.74,151.36,-35.11,0.445,917,14,primary_apical_trunk,4
919,3,81.74,151.56,-35.11,0.445,918,14,primary_apical_trunk,4
920,3,82.13,152.56,-35.11,0.445,919,14,primary_apical_trunk,4
921,3,82.91,153.26,-35.11,0.445,920,14,primary_apical_trunk,4
922,3,83.6,154.06,-35.27,0.48,921,14,primary_apical_trunk,4
923,3,84.32,155.16,-35.68,0.48,922,14,primary_apical_trunk,4
924,3,85.14,155.96,-36.52,0.555,923,14,primary_apical_trunk,4
925,3,85.17,156.26,-36.52,0.555,924,14,primary_apical_trunk,4
926,3,85.33,157.16,-36.52,0.555,925,14,primary_apical_trunk,4
927,3,85.32,158.86,-36.56,0.555,926,14,primary_apical_trunk,4
928,3,85.41,159.86,-36.56,0.335,927,14,primary_apical_trunk,4
929,3,85.96,161.16,-36.56,0.335,928,14,primary_apical_trunk,4
930,3,85.83,162.06,-36.81,0.335,929,14,primary_apical_trunk,4
931,3,85.86,163.06,-36.97,0.335,930,14,primary_apical_trunk,4
932,3,85.81,163.26,-36.97,0.335,931,14,primary_apical_trunk,4
933,3,86.18,164.46,-37.02,0.335,932,14,primary_apical_trunk,4
934,3,86.04,164.16,-37.02,0.335,933,14,primary_apical_trunk,4
935,3,86.57,165.86,-37.06,0.335,934,14,primary_apical_trunk,4
936,3,86.49,166.06,-37.06,0.335,935,14,primary_apical_trunk,4
937,3,86.66,166.96,-37.06,0.335,936,14,primary_apical_trunk,4
938,3,87.0,167.96,-37.06,0.335,937,14,primary_apical_trunk,4
939,3,86.78,168.86,-37.68,0.335,938,14,primary_apical_trunk,4
940,3,87.27,170.06,-37.68,0.335,939,14,primary_apical_trunk,4
941,3,87.28,170.16,-37.68,0.335,940,14,primary_apical_trunk,4
942,3,87.29,171.46,-37.68,0.335,941,14,primary_apical_trunk,4
943,3,87.35,171.56,-37.68,0.335,942,14,primary_apical_trunk,4
944,3,87.72,172.76,-37.68,0.335,943,14,primary_apical_trunk,4
945,3,87.81,172.96,-37.68,0.335,944,14,primary_apical_trunk,4
946,3,88.14,173.76,-37.72,0.335,945,14,primary_apical_trunk,4
947,3,88.13,173.96,-37.72,0.335,946,14,primary_apical_trunk,4
948,3,88.02,175.06,-37.72,0.335,947,14,primary_apical_trunk,4
949,3,87.89,175.76,-38.52,0.335,948,14,primary_apical_trunk,4
950,3,87.89,175.96,-38.52,0.335,949,14,primary_apical_trunk,4
951,3,87.89,177.06,-38.56,0.335,950,14,primary_apical_trunk,4
952,3,88.38,178.46,-38.61,0.335,951,14,primary_apical_trunk,4
953,3,88.54,179.76,-39.11,0.48,952,14,primary_apical_trunk,4
954,3,88.66,180.96,-37.68,0.48,953,14,primary_apical_trunk,4
955,3,88.5,181.86,-37.81,0.48,954,14,primary_apical_trunk,4
956,3,88.5,181.86,-37.93,0.48,955,14,primary_apical_trunk,4
957,3,88.4,183.06,-38.68,0.555,956,14,primary_apical_trunk,4
958,3,88.67,183.86,-38.86,0.555,957,14,primary_apical_trunk,4
959,3,88.64,184.66,-38.93,0.555,958,14,primary_apical_trunk,4
960,3,88.57,185.46,-39.02,0.37,959,14,primary_apical_trunk,4
961,3,88.58,186.36,-39.27,0.37,960,14,primary_apical_trunk,4
962,3,88.92,186.56,-39.68,0.37,961,14,primary_apical_trunk,4
963,3,89.68,186.76,-39.77,0.37,962,14,primary_apical_trunk,4
964,3,90.4,187.36,-40.61,0.37,963,14,primary_apical_trunk,4
965,3,90.46,187.46,-40.68,0.37,964,14,primary_apical_trunk,4
966,3,90.62,188.56,-40.68,0.37,965,14,primary_apical_trunk,4
967,3,90.13,189.16,-40.68,0.37,966,14,primary_apical_trunk,4
968,3,89.55,189.36,-41.72,0.37,967,14,primary_apical_trunk,4
969,3,89.66,190.06,-41.77,0.37,968,14,primary_apical_trunk,4
970,3,89.71,190.16,-41.77,0.37,969,14,primary_apical_trunk,4
971,3,90.64,190.56,-41.77,0.37,970,14,primary_apical_trunk,4
972,3,89.93,191.66,-42.72,0.335,971,14,primary_apical_trunk,4
973,3,89.6,192.96,-43.22,0.22,972,14,primary_apical_trunk,4
974,3,88.93,193.96,-43.52,0.22,973,14,primary_apical_trunk,4
975,3,88.86,193.86,-43.52,0.22,974,14,primary_apical_trunk,4
976,3,88.43,194.56,-44.22,0.22,975,14,primary_apical_trunk,4
977,3,88.4,195.56,-44.22,0.22,976,14,primary_apical_trunk,4
978,3,88.91,196.06,-44.22,0.22,977,14,primary_apical_trunk,4
979,3,88.92,196.26,-44.22,0.22,978,14,primary_apical_trunk,4
980,3,88.88,196.66,-44.27,0.22,979,14,primary_apical_trunk,4
981,3,88.67,197.76,-45.68,0.22,980,14,primary_apical_trunk,4
982,3,89.0,198.56,-45.77,0.22,981,14,primary_apical_trunk,4
983,3,88.96,198.66,-45.77,0.22,982,14,primary_apical_trunk,4
984,3,88.57,199.36,-45.81,0.22,983,14,primary_apical_trunk,4
985,3,88.53,199.46,-45.81,0.22,984,14,primary_apical_trunk,4
986,3,88.37,200.66,-46.36,0.22,985,14,primary_apical_trunk,4
987,3,88.4,201.16,-46.72,0.22,986,14,primary_apical_trunk,4
988,3,88.43,201.26,-46.81,0.22,987,14,primary_apical_trunk,4
989,3,88.26,201.76,-47.11,0.22,988,14,primary_apical_trunk,4
990,3,88.14,202.56,-47.36,0.22,989,14,primary_apical_trunk,4
991,3,88.44,203.36,-47.47,0.22,990,14,primary_apical_trunk,4
992,3,88.26,204.16,-47.47,0.22,991,14,primary_apical_trunk,4
993,3,87.85,204.76,-48.43,0.22,992,14,primary_apical_trunk,4
994,3,88.54,205.66,-48.47,0.22,993,14,primary_apical_trunk,4
995,3,88.93,206.06,-48.81,0.22,994,14,primary_apical_trunk,4
996,3,89.29,206.66,-48.97,0.22,995,14,primary_apical_trunk,4
997,3,90.04,207.06,-49.31,0.295,996,14,primary_apical_trunk,4
998,3,90.47,208.16,-49.68,0.22,997,14,primary_apical_trunk,4
999,3,91.19,209.86,-49.68,0.22,998,14,primary_apical_trunk,4
1000,3,91.67,211.16,-49.68,0.22,999,14,primary_apical_trunk,4
1001,3,91.64,211.26,-49.68,0.22,1000,14,primary_apical_trunk,4
1002,3,91.85,212.36,-50.11,0.22,1001,14,primary_apical_trunk,4
1003,3,92.28,213.56,-50.36,0.22,1002,14,primary_apical_trunk,4
1004,3,92.57,214.66,-50.43,0.22,1003,14,primary_apical_trunk,4
1005,3,93.19,215.96,-50.47,0.22,1004,14,primary_apical_trunk,4
1006,3,93.53,217.26,-50.56,0.22,1005,14,primary_apical_trunk,4
1007,3,94.33,218.36,-50.56,0.22,1006,14,primary_apical_trunk,4
1008,3,94.4,218.56,-50.56,0.22,1007,14,primary_apical_trunk,4
1009,3,94.91,219.76,-50.61,0.22,1008,14,primary_apical_trunk,4
1010,3,95.77,221.36,-50.86,0.22,1009,14,primary_apical_trunk,4
1011,3,95.77,221.56,-50.86,0.22,1010,14,primary_apical_trunk,4
1012,3,95.97,223.06,-50.93,0.22,1011,14,primary_apical_trunk,4
1013,3,95.97,223.16,-50.93,0.22,1012,14,primary_apical_trunk,4
1014,3,96.07,224.06,-50.97,0.22,1013,14,primary_apical_trunk,4
1015,3,96.27,225.16,-51.06,0.22,1014,14,primary_apical_trunk,4
1016,3,96.67,225.76,-51.61,0.22,1015,14,primary_apical_trunk,4
1017,3,96.67,226.06,-51.68,0.22,1016,14,primary_apical_trunk,4
1018,3,96.77,226.86,-51.68,0.22,1017,14,primary_apical_trunk,4
1019,3,96.87,227.86,-52.81,0.22,1018,14,primary_apical_trunk,4
1020,3,97.07,228.86,-52.86,0.22,1019,14,primary_apical_trunk,4
1021,3,97.97,229.76,-52.97,0.22,1020,14,primary_apical_trunk,4
1022,3,97.87,231.06,-53.43,0.22,1021,14,primary_apical_trunk,4
1023,3,97.87,230.86,-53.43,0.22,1022,14,primary_apical_trunk,4
1024,3,97.67,232.06,-54.43,0.22,1023,14,primary_apical_trunk,4
1025,3,97.87,232.76,-54.43,0.22,1024,14,primary_apical_trunk,4
1026,3,97.87,232.96,-54.43,0.22,1025,14,primary_apical_trunk,4
1027,3,98.27,233.66,-54.43,0.22,1026,14,primary_apical_trunk,4
1028,3,98.27,233.76,-54.43,0.22,1027,14,primary_apical_trunk,4
1029,3,98.37,234.46,-55.77,0.22,1028,14,primary_apical_trunk,4
1030,3,98.37,234.56,-55.77,0.22,1029,14,primary_apical_trunk,4
1031,3,97.97,235.36,-55.77,0.22,1030,14,primary_apical_trunk,4
1032,3,97.27,236.06,-56.56,0.22,1031,14,primary_apical_trunk,4
1033,3,96.17,236.76,-56.67,0.22,1032,14,primary_apical_trunk,4
1034,3,96.07,236.66,-56.67,0.22,1033,14,primary_apical_trunk,4
1035,3,95.57,237.16,-57.17,0.22,1034,14,primary_apical_trunk,4
1036,3,94.83,237.16,-57.17,0.22,1035,14,primary_apical_trunk,4
1037,3,94.39,237.46,-57.17,0.22,1036,14,primary_apical_trunk,4
1038,3,94.65,237.96,-57.17,0.22,1037,14,primary_apical_trunk,4
1039,3,94.37,238.46,-57.17,0.22,1038,14,primary_apical_trunk,4
1040,3,64.42,76.54,-23.77,0.335,835,15,primary_apical_trunk,4
1041,3,64.52,76.58,-23.77,0.335,1040,15,primary_apical_trunk,4
1042,3,64.91,77.69,-23.41,0.295,1041,15,primary_apical_trunk,4
1043,3,65.77,78.59,-23.48,0.295,1042,15,primary_apical_trunk,4
1044,3,66.68,80.44,-23.52,0.295,1043,15,primary_apical_trunk,4
1045,3,66.81,80.71,-23.57,0.295,1044,15,primary_apical_trunk,4
1046,3,67.28,82.03,-23.57,0.295,1045,15,primary_apical_trunk,4
1047,3,67.58,83.27,-23.66,0.295,1046,15,primary_apical_trunk,4
1048,3,68.24,84.44,-23.91,0.295,1047,15,primary_apical_trunk,4
1049,3,68.65,85.64,-23.41,0.295,1048,15,primary_apical_trunk,4
1050,3,69.48,86.8,-23.32,0.295,1049,15,primary_apical_trunk,4
1051,3,70.15,87.86,-23.23,0.295,1050,15,primary_apical_trunk,4
1052,3,70.88,88.98,-23.11,0.295,1051,15,primary_apical_trunk,4
1053,3,71.34,90.06,-23.02,0.295,1052,15,primary_apical_trunk,4
1054,3,71.93,91.25,-23.41,0.295,1053,15,primary_apical_trunk,4
1055,3,72.1,92.64,-24.07,0.295,1054,15,primary_apical_trunk,4
1056,3,72.07,94.07,-24.27,0.37,1055,15,primary_apical_trunk,4
1057,3,72.2,95.16,-24.27,0.37,1056,15,primary_apical_trunk,4
1058,3,72.41,96.27,-24.32,0.37,1057,15,primary_apical_trunk,4
1059,3,73.07,97.6,-24.36,0.37,1058,15,primary_apical_trunk,4
1060,3,73.84,99.36,-24.36,0.37,1059,15,primary_apical_trunk,4
1061,3,74.4,100.97,-24.41,0.37,1060,15,primary_apical_trunk,4
1062,3,74.85,102.56,-24.41,0.37,1061,15,primary_apical_trunk,4
1063,3,75.6,103.76,-24.41,0.37,1062,15,primary_apical_trunk,4
1064,3,75.85,104.95,-24.48,0.37,1063,15,primary_apical_trunk,4
1065,3,76.27,106.25,-24.48,0.37,1064,15,primary_apical_trunk,4
1066,3,76.93,107.55,-24.23,0.295,1065,15,primary_apical_trunk,4
1067,3,77.55,108.65,-24.11,0.295,1066,15,primary_apical_trunk,4
1068,3,78.14,109.65,-24.07,0.295,1067,15,primary_apical_trunk,4
1069,3,78.47,111.05,-24.27,0.37,1068,15,primary_apical_trunk,4
1070,3,79.15,112.35,-24.41,0.37,1069,15,primary_apical_trunk,4
1071,3,79.63,113.55,-24.57,0.37,1070,15,primary_apical_trunk,4
1072,3,80.16,114.65,-25.02,0.37,1071,15,primary_apical_trunk,4
1073,3,80.22,114.75,-25.02,0.37,1072,15,primary_apical_trunk,4
1074,3,81.2,116.05,-25.23,0.37,1073,15,primary_apical_trunk,4
1075,3,81.76,117.55,-24.61,0.295,1074,15,primary_apical_trunk,4
1076,3,81.79,117.55,-24.52,0.295,1075,15,primary_apical_trunk,4
1077,3,82.31,118.65,-24.36,0.295,1076,15,primary_apical_trunk,4
1078,3,82.8,119.85,-24.41,0.295,1077,15,primary_apical_trunk,4
1079,3,83.21,121.05,-24.61,0.295,1078,15,primary_apical_trunk,4
1080,3,84.0,122.25,-24.91,0.295,1079,15,primary_apical_trunk,4
1081,3,84.82,123.45,-25.02,0.295,1080,15,primary_apical_trunk,4
1082,3,84.81,123.25,-25.02,0.295,1081,15,primary_apical_trunk,4
1083,3,85.12,124.85,-25.11,0.295,1082,15,primary_apical_trunk,4
1084,3,86.48,127.15,-25.11,0.295,1083,15,primary_apical_trunk,4
1085,3,86.76,128.65,-25.16,0.295,1084,15,primary_apical_trunk,4
1086,3,86.94,129.95,-25.16,0.295,1085,15,primary_apical_trunk,4
1087,3,86.92,130.05,-25.16,0.295,1086,15,primary_apical_trunk,4
1088,3,86.97,131.35,-25.23,0.405,1087,15,primary_apical_trunk,4
1089,3,87.14,132.25,-25.23,0.405,1088,15,primary_apical_trunk,4
1090,3,87.71,133.65,-25.27,0.405,1089,15,primary_apical_trunk,4
1091,3,87.78,133.85,-25.27,0.405,1090,15,primary_apical_trunk,4
1092,3,88.38,134.85,-25.27,0.405,1091,15,primary_apical_trunk,4
1093,3,89.09,135.95,-25.27,0.405,1092,15,primary_apical_trunk,4
1094,3,89.43,136.75,-26.36,0.335,1093,15,primary_apical_trunk,4
1095,3,90.35,137.55,-26.48,0.335,1094,15,primary_apical_trunk,4
1096,3,91.16,138.75,-26.57,0.335,1095,15,primary_apical_trunk,4
1097,3,91.26,138.95,-26.66,0.335,1096,15,primary_apical_trunk,4
1098,3,91.82,140.25,-26.77,0.335,1097,15,primary_apical_trunk,4
1099,3,92.53,142.05,-26.98,0.335,1098,15,primary_apical_trunk,4
1100,3,93.32,143.35,-27.23,0.335,1099,15,primary_apical_trunk,4
1101,3,93.93,144.35,-27.36,0.335,1100,15,primary_apical_trunk,4
1102,3,94.64,145.55,-27.41,0.335,1101,15,primary_apical_trunk,4
1103,3,95.24,146.65,-26.82,0.335,1102,15,primary_apical_trunk,4
1104,3,95.94,147.45,-26.77,0.335,1103,15,primary_apical_trunk,4
1105,3,96.64,149.15,-27.48,0.26,1104,15,primary_apical_trunk,4
1106,3,97.14,150.55,-27.61,0.26,1105,15,primary_apical_trunk,4
1107,3,97.94,152.15,-28.41,0.26,1106,15,primary_apical_trunk,4
1108,3,98.34,153.75,-28.66,0.26,1107,15,primary_apical_trunk,4
1109,3,98.44,153.65,-28.66,0.26,1108,15,primary_apical_trunk,4
1110,3,98.74,154.95,-28.73,0.22,1109,15,primary_apical_trunk,4
1111,3,99.14,156.35,-28.73,0.22,1110,15,primary_apical_trunk,4
1112,3,99.24,156.55,-28.73,0.22,1111,15,primary_apical_trunk,4
1113,3,99.94,157.85,-28.73,0.22,1112,15,primary_apical_trunk,4
1114,3,99.94,158.15,-28.77,0.22,1113,15,primary_apical_trunk,4
1115,3,100.04,158.95,-28.77,0.22,1114,15,primary_apical_trunk,4
1116,3,100.24,159.95,-28.77,0.22,1115,15,primary_apical_trunk,4
1117,3,100.84,160.75,-28.77,0.22,1116,15,primary_apical_trunk,4
1118,3,101.54,163.05,-29.41,0.22,1117,15,primary_apical_trunk,4
1119,3,101.64,163.35,-29.48,0.22,1118,15,primary_apical_trunk,4
1120,3,102.24,164.55,-29.52,0.22,1119,15,primary_apical_trunk,4
1121,3,102.34,164.55,-29.57,0.22,1120,15,primary_apical_trunk,4
1122,3,103.04,165.85,-29.73,0.22,1121,15,primary_apical_trunk,4
1123,3,103.64,166.85,-30.41,0.22,1122,15,primary_apical_trunk,4
1124,3,104.64,168.25,-30.61,0.22,1123,15,primary_apical_trunk,4
1125,3,105.24,168.85,-30.77,0.22,1124,15,primary_apical_trunk,4
1126,3,106.04,169.55,-31.02,0.22,1125,15,primary_apical_trunk,4
1127,3,106.64,170.75,-31.16,0.295,1126,15,primary_apical_trunk,4
1128,3,106.74,171.05,-31.16,0.295,1127,15,primary_apical_trunk,4
1129,3,107.04,172.15,-31.16,0.295,1128,15,primary_apical_trunk,4
1130,3,107.14,172.35,-31.16,0.295,1129,15,primary_apical_trunk,4
1131,3,107.44,173.25,-31.48,0.295,1130,15,primary_apical_trunk,4
1132,3,107.54,173.25,-31.57,0.295,1131,15,primary_apical_trunk,4
1133,3,108.14,174.15,-31.73,0.295,1132,15,primary_apical_trunk,4
1134,3,109.24,175.35,-31.77,0.295,1133,15,primary_apical_trunk,4
1135,3,109.14,175.25,-31.77,0.295,1134,15,primary_apical_trunk,4
1136,3,110.14,176.65,-30.61,0.295,1135,15,primary_apical_trunk,4
1137,3,110.84,177.85,-31.86,0.22,1136,15,primary_apical_trunk,4
1138,3,111.44,179.35,-31.66,0.22,1137,15,primary_apical_trunk,4
1139,3,112.14,180.75,-31.52,0.22,1138,15,primary_apical_trunk,4
1140,3,112.24,180.95,-31.48,0.22,1139,15,primary_apical_trunk,4
1141,3,112.74,182.15,-31.32,0.22,1140,15,primary_apical_trunk,4
1142,3,113.34,183.45,-31.23,0.22,1141,15,primary_apical_trunk,4
1143,3,113.34,183.55,-31.23,0.22,1142,15,primary_apical_trunk,4
1144,3,114.24,184.85,-31.52,0.22,1143,15,primary_apical_trunk,4
1145,3,114.14,184.75,-31.57,0.22,1144,15,primary_apical_trunk,4
1146,3,114.64,186.35,-32.57,0.22,1145,15,primary_apical_trunk,4
1147,3,115.24,187.55,-32.66,0.22,1146,15,primary_apical_trunk,4
1148,3,115.24,187.65,-32.66,0.22,1147,15,primary_apical_trunk,4
1149,3,115.84,189.25,-32.82,0.22,1148,15,primary_apical_trunk,4
1150,3,116.04,189.55,-32.82,0.22,1149,15,primary_apical_trunk,4
1151,3,116.64,190.45,-32.86,0.22,1150,15,primary_apical_trunk,4
1152,3,116.74,190.85,-32.86,0.22,1151,15,primary_apical_trunk,4
1153,3,117.34,192.05,-32.91,0.22,1152,15,primary_apical_trunk,4
1154,3,117.44,192.35,-32.91,0.22,1153,15,primary_apical_trunk,4
1155,3,117.74,193.35,-32.91,0.22,1154,15,primary_apical_trunk,4
1156,3,117.84,193.55,-32.91,0.22,1155,15,primary_apical_trunk,4
1157,3,118.04,194.85,-32.98,0.22,1156,15,primary_apical_trunk,4
1158,3,118.34,196.15,-33.23,0.22,1157,15,primary_apical_trunk,4
1159,3,119.34,197.55,-33.27,0.22,1158,15,primary_apical_trunk,4
1160,3,119.94,198.85,-33.27,0.22,1159,15,primary_apical_trunk,4
1161,3,120.04,198.95,-33.27,0.22,1160,15,primary_apical_trunk,4
1162,3,120.44,200.35,-33.32,0.22,1161,15,primary_apical_trunk,4
1163,3,120.54,200.45,-33.32,0.22,1162,15,primary_apical_trunk,4
1164,3,120.84,201.85,-33.36,0.22,1163,15,primary_apical_trunk,4
1165,3,121.34,203.25,-33.36,0.22,1164,15,primary_apical_trunk,4
1166,3,121.44,203.45,-33.36,0.22,1165,15,primary_apical_trunk,4
1167,3,122.14,204.65,-33.36,0.22,1166,15,primary_apical_trunk,4
1168,3,122.94,206.15,-33.41,0.22,1167,15,primary_apical_trunk,4
1169,3,122.94,206.25,-33.41,0.22,1168,15,primary_apical_trunk,4
1170,3,123.14,207.45,-33.41,0.22,1169,15,primary_apical_trunk,4
1171,3,123.14,207.65,-33.41,0.22,1170,15,primary_apical_trunk,4
1172,3,123.24,208.55,-33.48,0.22,1171,15,primary_apical_trunk,4
1173,3,123.34,209.65,-33.48,0.22,1172,15,primary_apical_trunk,4
1174,3,123.44,209.85,-33.48,0.22,1173,15,primary_apical_trunk,4
1175,3,124.04,210.75,-33.57,0.22,1174,15,primary_apical_trunk,4
1176,3,124.04,210.85,-33.61,0.22,1175,15,primary_apical_trunk,4
1177,3,124.64,211.55,-33.82,0.22,1176,15,primary_apical_trunk,4
1178,3,125.84,212.75,-33.91,0.22,1177,15,primary_apical_trunk,4
1179,3,126.14,214.25,-33.98,0.22,1178,15,primary_apical_trunk,4
1180,3,126.14,215.55,-33.98,0.22,1179,15,primary_apical_trunk,4
1181,3,125.84,216.85,-34.02,0.22,1180,15,primary_apical_trunk,4
1182,3,125.84,217.65,-34.23,0.22,1181,15,primary_apical_trunk,4
1183,3,126.34,218.95,-34.73,0.22,1182,15,primary_apical_trunk,4
1184,3,126.34,219.05,-34.73,0.22,1183,15,primary_apical_trunk,4
1185,3,126.74,220.35,-34.77,0.22,1184,15,primary_apical_trunk,4
1186,3,126.74,221.85,-34.86,0.22,1185,15,primary_apical_trunk,4
1187,3,126.94,222.75,-35.16,0.22,1186,15,primary_apical_trunk,4
1188,3,127.04,222.85,-35.23,0.22,1187,15,primary_apical_trunk,4
1189,3,127.34,223.65,-35.52,0.22,1188,15,primary_apical_trunk,4
1190,3,127.54,225.15,-35.73,0.22,1189,15,primary_apical_trunk,4
1191,3,127.74,226.35,-35.82,0.22,1190,15,primary_apical_trunk,4
1192,3,128.14,227.45,-36.23,0.22,1191,15,primary_apical_trunk,4
1193,3,128.84,228.45,-36.41,0.22,1192,15,primary_apical_trunk,4
1194,3,128.84,228.45,-36.52,0.22,1193,15,primary_apical_trunk,4
1195,3,129.44,229.35,-36.61,0.22,1194,15,primary_apical_trunk,4
1196,3,130.04,230.35,-36.52,0.22,1195,15,primary_apical_trunk,4
1197,3,130.54,231.05,-36.27,0.22,1196,15,primary_apical_trunk,4
1198,3,131.44,232.35,-35.77,0.22,1197,15,primary_apical_trunk,4
1199,3,132.44,233.15,-35.61,0.22,1198,15,primary_apical_trunk,4
1200,3,133.44,234.05,-35.52,0.22,1199,15,primary_apical_trunk,4
1201,3,134.24,235.05,-35.11,0.22,1200,15,primary_apical_trunk,4
1202,3,134.44,235.15,-35.11,0.22,1201,15,primary_apical_trunk,4
1203,3,135.04,235.65,-35.11,0.22,1202,15,primary_apical_trunk,4
1204,3,135.64,236.55,-35.32,0.22,1203,15,primary_apical_trunk,4
1205,3,135.74,236.65,-35.32,0.22,1204,15,primary_apical_trunk,4
1206,3,136.14,237.65,-35.41,0.22,1205,15,primary_apical_trunk,4
1207,3,136.64,238.45,-35.52,0.22,1206,15,primary_apical_trunk,4
1208,3,137.24,239.65,-36.02,0.22,1207,15,primary_apical_trunk,4
1209,3,137.34,239.85,-36.02,0.22,1208,15,primary_apical_trunk,4
1210,3,138.14,240.55,-36.07,0.22,1209,15,primary_apical_trunk,4
1211,3,138.94,241.35,-36.11,0.22,1210,15,primary_apical_trunk,4
1212,3,139.04,241.45,-36.11,0.22,1211,15,primary_apical_trunk,4
1213,3,139.84,242.45,-36.32,0.22,1212,15,primary_apical_trunk,4
1214,3,140.34,243.35,-36.41,0.22,1213,15,primary_apical_trunk,4
1215,3,140.44,243.45,-36.41,0.22,1214,15,primary_apical_trunk,4
1216,3,140.94,244.45,-36.48,0.22,1215,15,primary_apical_trunk,4
1217,3,141.34,245.35,-36.52,0.22,1216,15,primary_apical_trunk,4
1218,3,142.04,246.25,-36.52,0.22,1217,15,primary_apical_trunk,4
1219,3,143.04,247.05,-36.73,0.22,1218,15,primary_apical_trunk,4
1220,3,144.24,247.35,-36.77,0.22,1219,15,primary_apical_trunk,4
1221,3,145.24,247.65,-36.77,0.22,1220,15,primary_apical_trunk,4
1222,3,145.34,247.75,-36.77,0.22,1221,15,primary_apical_trunk,4
1223,3,146.23,248.25,-36.82,0.22,1222,15,primary_apical_trunk,4
1224,3,146.33,248.35,-36.82,0.22,1223,15,primary_apical_trunk,4
1225,3,146.73,248.95,-36.82,0.22,1224,15,primary_apical_trunk,4
1226,3,146.83,249.15,-36.82,0.22,1225,15,primary_apical_trunk,4
1227,3,147.03,250.05,-36.86,0.22,1226,15,primary_apical_trunk,4
1228,3,147.43,251.15,-36.86,0.22,1227,15,primary_apical_trunk,4
1229,3,148.03,251.75,-36.91,0.22,1228,15,primary_apical_trunk,4
1230,3,148.83,252.35,-37.48,0.22,1229,15,primary_apical_trunk,4
1231,3,149.23,253.35,-37.98,0.22,1230,15,primary_apical_trunk,4
1232,3,150.13,253.95,-38.02,0.22,1231,15,primary_apical_trunk,4
1233,3,150.53,255.35,-38.02,0.22,1232,15,primary_apical_trunk,4
1234,3,150.63,255.45,-38.02,0.22,1233,15,primary_apical_trunk,4
1235,3,151.23,256.55,-38.02,0.22,1234,15,primary_apical_trunk,4
1236,3,151.93,257.35,-38.11,0.22,1235,15,primary_apical_trunk,4
1237,3,152.03,257.45,-38.16,0.22,1236,15,primary_apical_trunk,4
1238,3,152.73,258.15,-38.32,0.22,1237,15,primary_apical_trunk,4
1239,3,152.83,258.25,-38.36,0.22,1238,15,primary_apical_trunk,4
1240,3,153.53,259.25,-38.41,0.22,1239,15,primary_apical_trunk,4
1241,3,153.93,260.35,-38.41,0.22,1240,15,primary_apical_trunk,4
1242,3,154.53,261.35,-38.66,0.22,1241,15,primary_apical_trunk,4
1243,3,154.63,261.45,-38.73,0.22,1242,15,primary_apical_trunk,4
1244,3,155.03,262.55,-38.82,0.22,1243,15,primary_apical_trunk,4
1245,3,155.03,262.65,-38.82,0.22,1244,15,primary_apical_trunk,4
1246,3,155.13,263.55,-38.82,0.22,1245,15,primary_apical_trunk,4
1247,3,155.53,264.35,-39.36,0.22,1246,15,primary_apical_trunk,4
1248,3,155.43,265.35,-39.57,0.22,1247,15,primary_apical_trunk,4
1249,3,155.73,266.65,-39.82,0.185,1248,15,primary_apical_trunk,4
1250,3,155.83,266.75,-39.82,0.185,1249,15,primary_apical_trunk,4
1251,3,156.63,267.85,-39.91,0.185,1250,15,primary_apical_trunk,4
1252,3,157.23,268.95,-40.07,0.185,1251,15,primary_apical_trunk,4
1253,3,158.03,270.35,-40.11,0.185,1252,15,primary_apical_trunk,4
1254,3,158.53,271.75,-40.36,0.185,1253,15,primary_apical_trunk,4
1255,3,159.03,272.95,-39.52,0.185,1254,15,primary_apical_trunk,4
1256,3,159.03,273.05,-39.41,0.185,1255,15,primary_apical_trunk,4
1257,3,159.53,274.35,-38.91,0.185,1256,15,primary_apical_trunk,4
1258,3,159.63,274.35,-38.82,0.185,1257,15,primary_apical_trunk,4
1259,3,160.13,275.75,-38.41,0.185,1258,15,primary_apical_trunk,4
1260,3,160.23,275.85,-38.36,0.185,1259,15,primary_apical_trunk,4
1261,3,160.63,277.05,-38.36,0.185,1260,15,primary_apical_trunk,4
1262,3,160.83,278.45,-39.11,0.185,1261,15,primary_apical_trunk,4
1263,3,161.43,279.65,-39.23,0.185,1262,15,primary_apical_trunk,4
1264,3,161.43,279.85,-39.23,0.185,1263,15,primary_apical_trunk,4
1265,3,161.93,280.75,-39.23,0.185,1264,15,primary_apical_trunk,4
1266,3,162.03,280.95,-39.27,0.185,1265,15,primary_apical_trunk,4
1267,3,161.93,282.25,-39.27,0.185,1266,15,primary_apical_trunk,4
1268,3,162.03,283.65,-39.86,0.15,1267,15,primary_apical_trunk,4
1269,3,22.1,-8.1,-6.73,0.335,54,16,primary_apical_trunk,4
1270,3,22.52,-7.23,-5.59,0.335,1269,16,primary_apical_trunk,4
1271,3,23.08,-6.11,-5.02,0.335,1270,16,primary_apical_trunk,4
1272,3,24.01,-5.02,-6.34,0.405,1271,16,primary_apical_trunk,4
1273,3,24.84,-4.02,-6.39,0.405,1272,16,primary_apical_trunk,4
1274,3,25.39,-3.06,-6.43,0.405,1273,16,primary_apical_trunk,4
1275,3,25.72,-1.91,-6.59,0.405,1274,16,primary_apical_trunk,4
1276,3,26.21,-0.76,-6.77,0.405,1275,16,primary_apical_trunk,4
1277,3,26.22,0.8,-6.93,0.405,1276,16,primary_apical_trunk,4
1278,3,26.74,2.35,-7.09,0.405,1277,16,primary_apical_trunk,4
1279,3,26.74,3.84,-7.27,0.405,1278,16,primary_apical_trunk,4
1280,3,26.97,5.29,-7.39,0.405,1279,16,primary_apical_trunk,4
1281,3,27.34,6.51,-7.48,0.48,1280,16,primary_apical_trunk,4
1282,3,27.25,7.87,-7.52,0.48,1281,16,primary_apical_trunk,4
1283,3,27.26,8.05,-7.52,0.48,1282,16,primary_apical_trunk,4
1284,3,27.15,8.99,-7.52,0.48,1283,16,primary_apical_trunk,4
1285,3,27.45,10.08,-7.52,0.48,1284,16,primary_apical_trunk,4
1286,3,27.93,11.42,-7.68,0.48,1285,16,primary_apical_trunk,4
1287,3,28.69,12.6,-7.77,0.48,1286,16,primary_apical_trunk,4
1288,3,29.54,13.5,-7.89,0.48,1287,16,primary_apical_trunk,4
1289,3,29.6,13.64,-7.93,0.48,1288,16,primary_apical_trunk,4
1290,3,30.31,14.92,-7.93,0.48,1289,16,primary_apical_trunk,4
1291,3,30.97,16.56,-7.98,0.48,1290,16,primary_apical_trunk,4
1292,3,31.62,17.74,-8.09,0.48,1291,16,primary_apical_trunk,4
1293,3,32.51,19.03,-8.14,0.48,1292,16,primary_apical_trunk,4
1294,3,33.0,20.02,-8.23,0.48,1293,16,primary_apical_trunk,4
1295,3,33.36,20.9,-8.34,0.48,1294,16,primary_apical_trunk,4
1296,3,33.42,21.03,-8.34,0.48,1295,16,primary_apical_trunk,4
1297,3,33.91,21.86,-8.34,0.48,1296,16,primary_apical_trunk,4
1298,3,34.9,22.86,-8.39,0.48,1297,16,primary_apical_trunk,4
1299,3,35.31,23.9,-7.59,0.48,1298,16,primary_apical_trunk,4
1300,3,36.0,25.43,-7.39,0.48,1299,16,primary_apical_trunk,4
1301,3,36.35,26.5,-7.27,0.48,1300,16,primary_apical_trunk,4
1302,3,36.71,27.55,-7.39,0.48,1301,16,primary_apical_trunk,4
1303,3,36.83,28.98,-7.48,0.48,1302,16,primary_apical_trunk,4
1304,3,37.55,30.42,-7.52,0.48,1303,16,primary_apical_trunk,4
1305,3,37.88,31.25,-7.52,0.48,1304,16,primary_apical_trunk,4
1306,3,37.93,32.38,-7.52,0.48,1305,16,primary_apical_trunk,4
1307,3,38.23,33.47,-7.59,0.48,1306,16,primary_apical_trunk,4
1308,3,38.42,34.52,-7.59,0.48,1307,16,primary_apical_trunk,4
1309,3,39.24,35.69,-7.77,0.48,1308,16,primary_apical_trunk,4
1310,3,39.94,36.58,-7.77,0.48,1309,16,primary_apical_trunk,4
1311,3,40.91,37.57,-7.84,0.48,1310,16,primary_apical_trunk,4
1312,3,41.33,39.09,-8.09,0.48,1311,16,primary_apical_trunk,4
1313,3,41.71,40.38,-8.18,0.48,1312,16,primary_apical_trunk,4
1314,3,42.47,41.56,-8.27,0.48,1313,16,primary_apical_trunk,4
1315,3,43.49,42.8,-8.34,0.48,1314,16,primary_apical_trunk,4
1316,3,43.68,44.18,-8.59,0.48,1315,16,primary_apical_trunk,4
1317,3,44.12,45.28,-8.68,0.48,1316,16,primary_apical_trunk,4
1318,3,44.19,45.41,-8.73,0.48,1317,16,primary_apical_trunk,4
1319,3,44.55,46.46,-8.73,0.48,1318,16,primary_apical_trunk,4
1320,3,45.07,47.68,-8.77,0.48,1319,16,primary_apical_trunk,4
1321,3,45.91,48.91,-8.84,0.48,1320,16,primary_apical_trunk,4
1322,3,46.25,50.07,-8.84,0.48,1321,16,primary_apical_trunk,4
1323,3,46.35,50.11,-8.84,0.48,1322,16,primary_apical_trunk,4
1324,3,46.8,51.04,-8.89,0.48,1323,16,primary_apical_trunk,4
1325,3,47.13,52.19,-9.02,0.48,1324,16,primary_apical_trunk,4
1326,3,47.78,53.51,-9.14,0.48,1325,16,primary_apical_trunk,4
1327,3,47.75,53.28,-9.19,0.48,1326,16,primary_apical_trunk,4
1328,3,48.31,54.41,-8.64,0.48,1327,16,primary_apical_trunk,4
1329,3,48.52,55.85,-8.48,0.48,1328,16,primary_apical_trunk,4
1330,3,48.95,57.38,-8.34,0.48,1329,16,primary_apical_trunk,4
1331,3,49.3,58.93,-8.23,0.48,1330,16,primary_apical_trunk,4
1332,3,49.64,60.32,-8.18,0.48,1331,16,primary_apical_trunk,4
1333,3,49.81,61.31,-8.09,0.48,1332,16,primary_apical_trunk,4
1334,3,49.91,61.5,-8.09,0.48,1333,16,primary_apical_trunk,4
1335,3,50.03,62.42,-8.02,0.48,1334,16,primary_apical_trunk,4
1336,3,50.28,63.44,-7.73,0.48,1335,16,primary_apical_trunk,4
1337,3,50.47,64.99,-7.68,0.48,1336,16,primary_apical_trunk,4
1338,3,50.87,66.18,-7.98,0.48,1337,16,primary_apical_trunk,4
1339,3,51.26,67.8,-8.23,0.48,1338,16,primary_apical_trunk,4
1340,3,51.68,69.16,-8.27,0.48,1339,16,primary_apical_trunk,4
1341,3,52.05,70.71,-8.34,0.48,1340,16,primary_apical_trunk,4
1342,3,52.39,72.59,-8.43,0.48,1341,16,primary_apical_trunk,4
1343,3,52.81,74.12,-8.43,0.48,1342,16,primary_apical_trunk,4
1344,3,53.03,75.56,-8.48,0.48,1343,16,primary_apical_trunk,4
1345,3,53.12,77.25,-8.48,0.445,1344,16,primary_apical_trunk,4
1346,3,53.17,78.53,-8.52,0.405,1345,16,primary_apical_trunk,4
1347,3,53.2,79.6,-8.52,0.405,1346,16,primary_apical_trunk,4
1348,3,53.43,80.71,-8.52,0.405,1347,16,primary_apical_trunk,4
1349,3,53.55,82.3,-8.52,0.405,1348,16,primary_apical_trunk,4
1350,3,53.84,83.39,-8.59,0.405,1349,16,primary_apical_trunk,4
1351,3,53.7,84.61,-8.59,0.405,1350,16,primary_apical_trunk,4
1352,3,53.85,86.42,-9.27,0.405,1351,16,primary_apical_trunk,4
1353,3,53.97,87.84,-9.39,0.405,1352,16,primary_apical_trunk,4
1354,3,53.96,89.5,-9.52,0.405,1353,16,primary_apical_trunk,4
1355,3,54.37,90.85,-9.71,0.405,1354,16,primary_apical_trunk,4
1356,3,54.8,92.21,-9.96,0.405,1355,16,primary_apical_trunk,4
1357,3,55.05,93.72,-10.09,0.405,1356,16,primary_apical_trunk,4
1358,3,55.35,94.98,-10.09,0.405,1357,16,primary_apical_trunk,4
1359,3,55.32,96.48,-10.09,0.405,1358,16,primary_apical_trunk,4
1360,3,55.57,97.45,-9.02,0.48,1359,16,primary_apical_trunk,4
1361,3,55.59,98.83,-9.44,0.48,1360,16,primary_apical_trunk,4
1362,3,55.91,99.66,-9.48,0.48,1361,16,primary_apical_trunk,4
1363,3,56.64,100.79,-9.59,0.48,1362,16,primary_apical_trunk,4
1364,3,57.08,102.21,-9.59,0.48,1363,16,primary_apical_trunk,4
1365,3,57.68,103.73,-9.64,0.48,1364,16,primary_apical_trunk,4
1366,3,57.97,105.15,-9.69,0.48,1365,16,primary_apical_trunk,4
1367,3,58.57,106.54,-9.78,0.48,1366,16,primary_apical_trunk,4
1368,3,58.84,108.14,-9.96,0.48,1367,16,primary_apical_trunk,4
1369,3,59.38,109.34,-10.09,0.48,1368,16,primary_apical_trunk,4
1370,3,59.86,110.84,-10.19,0.48,1369,16,primary_apical_trunk,4
1371,3,59.73,110.64,-10.19,0.48,1370,16,primary_apical_trunk,4
1372,3,60.22,112.24,-10.21,0.48,1371,16,primary_apical_trunk,4
1373,3,60.74,113.34,-10.28,0.48,1372,16,primary_apical_trunk,4
1374,3,61.1,114.24,-10.44,0.48,1373,16,primary_apical_trunk,4
1375,3,61.71,115.14,-10.59,0.48,1374,16,primary_apical_trunk,4
1376,3,62.15,116.54,-10.69,0.48,1375,16,primary_apical_trunk,4
1377,3,62.69,117.74,-10.71,0.48,1376,16,primary_apical_trunk,4
1378,3,62.76,117.94,-10.71,0.48,1377,16,primary_apical_trunk,4
1379,3,63.32,119.04,-10.71,0.48,1378,16,primary_apical_trunk,4
1380,3,63.54,120.34,-10.71,0.48,1379,16,primary_apical_trunk,4
1381,3,64.1,121.74,-10.21,0.48,1380,16,primary_apical_trunk,4
1382,3,64.45,123.04,-10.03,0.48,1381,16,primary_apical_trunk,4
1383,3,64.8,124.24,-9.84,0.48,1382,16,primary_apical_trunk,4
1384,3,65.48,125.44,-9.69,0.48,1383,16,primary_apical_trunk,4
1385,3,65.91,126.84,-9.71,0.48,1384,16,primary_apical_trunk,4
1386,3,66.08,128.14,-9.78,0.48,1385,16,primary_apical_trunk,4
1387,3,66.59,129.34,-10.28,0.48,1386,16,primary_apical_trunk,4
1388,3,66.95,130.74,-10.37,0.48,1387,16,primary_apical_trunk,4
1389,3,67.23,131.84,-10.46,0.48,1388,16,primary_apical_trunk,4
1390,3,67.79,133.44,-10.94,0.48,1389,16,primary_apical_trunk,4
1391,3,67.79,133.44,-11.09,0.48,1390,16,primary_apical_trunk,4
1392,3,68.11,134.64,-11.53,0.48,1391,16,primary_apical_trunk,4
1393,3,68.17,134.74,-11.53,0.48,1392,16,primary_apical_trunk,4
1394,3,68.16,136.24,-11.62,0.48,1393,16,primary_apical_trunk,4
1395,3,68.3,137.64,-10.03,0.48,1394,16,primary_apical_trunk,4
1396,3,68.74,138.74,-11.59,0.48,1395,16,primary_apical_trunk,4
1397,3,68.97,139.84,-11.62,0.48,1396,16,primary_apical_trunk,4
1398,3,68.99,141.04,-10.53,0.48,1397,16,primary_apical_trunk,4
1399,3,69.26,142.44,-10.37,0.48,1398,16,primary_apical_trunk,4
1400,3,69.35,143.94,-10.21,0.48,1399,16,primary_apical_trunk,4
1401,3,69.61,145.44,-10.12,0.48,1400,16,primary_apical_trunk,4
1402,3,70.05,146.74,-10.03,0.48,1401,16,primary_apical_trunk,4
1403,3,70.61,148.14,-10.03,0.48,1402,16,primary_apical_trunk,4
1404,3,70.54,148.04,-9.96,0.48,1403,16,primary_apical_trunk,4
1405,3,70.92,149.14,-9.78,0.48,1404,16,primary_apical_trunk,4
1406,3,71.21,150.64,-9.84,0.48,1405,16,primary_apical_trunk,4
1407,3,71.51,151.64,-9.87,0.48,1406,16,primary_apical_trunk,4
1408,3,71.79,153.14,-10.03,0.48,1407,16,primary_apical_trunk,4
1409,3,72.32,154.34,-10.19,0.48,1408,16,primary_apical_trunk,4
1410,3,72.73,155.54,-10.37,0.48,1409,16,primary_apical_trunk,4
1411,3,73.04,156.74,-10.53,0.48,1410,16,primary_apical_trunk,4
1412,3,73.03,156.94,-10.59,0.48,1411,16,primary_apical_trunk,4
1413,3,73.22,158.04,-10.62,0.48,1412,16,primary_apical_trunk,4
1414,3,73.29,158.14,-10.69,0.48,1413,16,primary_apical_trunk,4
1415,3,73.34,159.14,-10.71,0.48,1414,16,primary_apical_trunk,4
1416,3,73.54,159.94,-10.78,0.48,1415,16,primary_apical_trunk,4
1417,3,73.92,161.14,-10.84,0.48,1416,16,primary_apical_trunk,4
1418,3,74.41,162.14,-10.94,0.48,1417,16,primary_apical_trunk,4
1419,3,74.93,163.94,-11.03,0.48,1418,16,primary_apical_trunk,4
1420,3,75.15,165.24,-11.09,0.48,1419,16,primary_apical_trunk,4
1421,3,75.58,166.54,-11.12,0.48,1420,16,primary_apical_trunk,4
1422,3,75.91,167.74,-11.21,0.48,1421,16,primary_apical_trunk,4
1423,3,75.97,167.84,-11.21,0.48,1422,16,primary_apical_trunk,4
1424,3,76.47,169.54,-11.34,0.48,1423,16,primary_apical_trunk,4
1425,3,76.83,171.14,-11.34,0.48,1424,16,primary_apical_trunk,4
1426,3,76.81,171.24,-11.37,0.48,1425,16,primary_apical_trunk,4
1427,3,77.33,172.74,-11.37,0.48,1426,16,primary_apical_trunk,4
1428,3,77.64,174.44,-11.44,0.48,1427,16,primary_apical_trunk,4
1429,3,77.99,175.44,-11.69,0.48,1428,16,primary_apical_trunk,4
1430,3,78.01,175.74,-11.71,0.48,1429,16,primary_apical_trunk,4
1431,3,78.49,176.84,-11.84,0.48,1430,16,primary_apical_trunk,4
1432,3,78.96,178.14,-11.96,0.48,1431,16,primary_apical_trunk,4
1433,3,79.71,179.44,-11.44,0.48,1432,16,primary_apical_trunk,4
1434,3,79.97,180.84,-11.34,0.48,1433,16,primary_apical_trunk,4
1435,3,80.16,182.04,-11.28,0.48,1434,16,primary_apical_trunk,4
1436,3,80.39,183.14,-11.44,0.48,1435,16,primary_apical_trunk,4
1437,3,80.63,184.54,-11.59,0.48,1436,16,primary_apical_trunk,4
1438,3,81.32,185.74,-11.69,0.48,1437,16,primary_apical_trunk,4
1439,3,82.15,187.24,-11.78,0.48,1438,16,primary_apical_trunk,4
1440,3,82.83,188.64,-11.84,0.48,1439,16,primary_apical_trunk,4
1441,3,82.82,188.84,-11.84,0.48,1440,16,primary_apical_trunk,4
1442,3,83.17,190.04,-11.84,0.48,1441,16,primary_apical_trunk,4
1443,3,83.24,190.14,-11.84,0.48,1442,16,primary_apical_trunk,4
1444,3,83.69,191.14,-11.84,0.48,1443,16,primary_apical_trunk,4
1445,3,84.2,192.44,-11.84,0.48,1444,16,primary_apical_trunk,4
1446,3,84.21,192.34,-11.84,0.48,1445,16,primary_apical_trunk,4
1447,3,84.82,193.04,-11.87,0.48,1446,16,primary_apical_trunk,4
1448,3,85.66,194.24,-11.94,0.48,1447,16,primary_apical_trunk,4
1449,3,86.44,194.94,-12.03,0.48,1448,16,primary_apical_trunk,4
1450,3,87.2,196.04,-12.19,0.48,1449,16,primary_apical_trunk,4
1451,3,87.74,197.34,-12.19,0.48,1450,16,primary_apical_trunk,4
1452,3,88.16,198.34,-11.96,0.48,1451,16,primary_apical_trunk,4
1453,3,88.71,199.74,-11.78,0.48,1452,16,primary_apical_trunk,4
1454,3,89.43,200.74,-11.69,0.48,1453,16,primary_apical_trunk,4
1455,3,90.13,201.94,-11.53,0.48,1454,16,primary_apical_trunk,4
1456,3,90.6,203.24,-11.34,0.48,1455,16,primary_apical_trunk,4
1457,3,91.26,204.64,-11.19,0.48,1456,16,primary_apical_trunk,4
1458,3,91.43,205.94,-11.09,0.48,1457,16,primary_apical_trunk,4
1459,3,91.98,207.04,-11.53,0.405,1458,16,primary_apical_trunk,4
1460,3,92.39,208.54,-11.62,0.405,1459,16,primary_apical_trunk,4
1461,3,92.85,210.14,-11.69,0.405,1460,16,primary_apical_trunk,4
1462,3,92.81,210.24,-11.69,0.405,1461,16,primary_apical_trunk,4
1463,3,93.38,211.94,-11.71,0.405,1462,16,primary_apical_trunk,4
1464,3,93.46,212.04,-11.71,0.405,1463,16,primary_apical_trunk,4
1465,3,94.17,213.34,-11.71,0.405,1464,16,primary_apical_trunk,4
1466,3,95.23,214.84,-11.87,0.335,1465,16,primary_apical_trunk,4
1467,3,95.75,216.24,-11.94,0.335,1466,16,primary_apical_trunk,4
1468,3,96.58,218.44,-11.94,0.335,1467,16,primary_apical_trunk,4
1469,3,96.81,219.74,-11.94,0.335,1468,16,primary_apical_trunk,4
1470,3,97.09,220.74,-11.96,0.335,1469,16,primary_apical_trunk,4
1471,3,97.74,222.24,-11.96,0.335,1470,16,primary_apical_trunk,4
1472,3,97.74,222.34,-11.96,0.335,1471,16,primary_apical_trunk,4
1473,3,98.34,223.54,-11.96,0.335,1472,16,primary_apical_trunk,4
1474,3,99.24,224.74,-12.03,0.335,1473,16,primary_apical_trunk,4
1475,3,100.14,225.84,-12.03,0.335,1474,16,primary_apical_trunk,4
1476,3,100.84,227.24,-12.12,0.335,1475,16,primary_apical_trunk,4
1477,3,101.34,228.64,-12.19,0.335,1476,16,primary_apical_trunk,4
1478,3,101.34,228.44,-12.19,0.335,1477,16,primary_apical_trunk,4
1479,3,102.04,229.64,-11.78,0.335,1478,16,primary_apical_trunk,4
1480,3,102.74,230.94,-11.59,0.335,1479,16,primary_apical_trunk,4
1481,3,103.24,232.04,-11.37,0.335,1480,16,primary_apical_trunk,4
1482,3,103.24,232.14,-11.34,0.335,1481,16,primary_apical_trunk,4
1483,3,104.04,233.24,-11.19,0.335,1482,16,primary_apical_trunk,4
1484,3,104.74,234.64,-11.34,0.335,1483,16,primary_apical_trunk,4
1485,3,105.14,236.14,-12.09,0.335,1484,16,primary_apical_trunk,4
1486,3,105.54,237.54,-12.12,0.335,1485,16,primary_apical_trunk,4
1487,3,106.04,238.74,-12.19,0.335,1486,16,primary_apical_trunk,4
1488,3,106.74,240.14,-12.21,0.335,1487,16,primary_apical_trunk,4
1489,3,107.44,241.04,-12.28,0.335,1488,16,primary_apical_trunk,4
1490,3,107.44,241.04,-12.28,0.26,1489,17,primary_apical_trunk,4
1491,3,107.34,241.04,-12.21,0.26,1490,17,primary_apical_trunk,4
1492,3,107.44,242.14,-12.19,0.26,1491,17,primary_apical_trunk,4
1493,3,107.64,243.14,-12.09,0.26,1492,17,primary_apical_trunk,4
1494,3,107.64,243.84,-12.37,0.26,1493,17,primary_apical_trunk,4
1495,3,107.94,244.64,-12.53,0.26,1494,17,primary_apical_trunk,4
1496,3,108.24,245.54,-12.62,0.26,1495,17,primary_apical_trunk,4
1497,3,108.74,246.64,-12.78,0.26,1496,17,primary_apical_trunk,4
1498,3,109.03,247.74,-12.87,0.26,1497,17,primary_apical_trunk,4
1499,3,108.93,248.84,-12.96,0.26,1498,17,primary_apical_trunk,4
1500,3,109.13,249.94,-13.12,0.26,1499,17,primary_apical_trunk,4
1501,3,109.33,251.14,-13.19,0.26,1500,17,primary_apical_trunk,4
1502,3,109.73,252.44,-12.84,0.26,1501,17,primary_apical_trunk,4
1503,3,110.03,254.04,-12.62,0.26,1502,17,primary_apical_trunk,4
1504,3,110.33,255.54,-12.46,0.26,1503,17,primary_apical_trunk,4
1505,3,110.23,255.64,-12.44,0.26,1504,17,primary_apical_trunk,4
1506,3,110.63,256.84,-12.37,0.26,1505,17,primary_apical_trunk,4
1507,3,111.13,258.24,-12.34,0.26,1506,17,primary_apical_trunk,4
1508,3,111.73,259.54,-12.21,0.26,1507,17,primary_apical_trunk,4
1509,3,112.03,260.84,-12.19,0.26,1508,17,primary_apical_trunk,4
1510,3,112.03,261.94,-12.34,0.26,1509,17,primary_apical_trunk,4
1511,3,111.93,263.34,-12.46,0.26,1510,17,primary_apical_trunk,4
1512,3,112.03,264.94,-12.71,0.26,1511,17,primary_apical_trunk,4
1513,3,112.53,266.34,-12.84,0.26,1512,17,primary_apical_trunk,4
1514,3,112.53,267.44,-12.87,0.26,1513,17,primary_apical_trunk,4
1515,3,112.93,268.54,-12.94,0.26,1514,17,primary_apical_trunk,4
1516,3,113.63,269.44,-12.96,0.26,1515,17,primary_apical_trunk,4
1517,3,114.53,270.14,-12.44,0.26,1516,17,primary_apical_trunk,4
1518,3,115.53,271.24,-12.19,0.26,1517,17,primary_apical_trunk,4
1519,3,116.03,272.54,-11.71,0.26,1518,17,primary_apical_trunk,4
1520,3,116.43,273.54,-11.28,0.26,1519,17,primary_apical_trunk,4
1521,3,117.03,274.64,-11.71,0.22,1520,17,primary_apical_trunk,4
1522,3,117.83,275.84,-11.59,0.22,1521,17,primary_apical_trunk,4
1523,3,118.43,277.44,-11.46,0.22,1522,17,primary_apical_trunk,4
1524,3,118.53,277.64,-11.46,0.22,1523,17,primary_apical_trunk,4
1525,3,119.03,278.54,-11.44,0.22,1524,17,primary_apical_trunk,4
1526,3,119.03,278.74,-11.44,0.22,1525,17,primary_apical_trunk,4
1527,3,119.63,280.44,-11.37,0.22,1526,17,primary_apical_trunk,4
1528,3,120.03,281.04,-11.37,0.22,1527,17,primary_apical_trunk,4
1529,3,120.23,282.04,-11.34,0.22,1528,17,primary_apical_trunk,4
1530,3,120.63,283.14,-11.59,0.295,1529,17,primary_apical_trunk,4
1531,3,121.03,284.84,-10.39,0.295,1530,17,primary_apical_trunk,4
1532,3,122.03,286.34,-10.59,0.295,1531,17,primary_apical_trunk,4
1533,3,122.93,287.94,-10.84,0.26,1532,17,primary_apical_trunk,4
1534,3,123.53,288.94,-10.96,0.26,1533,17,primary_apical_trunk,4
1535,3,124.03,290.04,-11.03,0.26,1534,17,primary_apical_trunk,4
1536,3,124.83,290.94,-10.78,0.26,1535,17,primary_apical_trunk,4
1537,3,125.43,292.14,-10.62,0.26,1536,17,primary_apical_trunk,4
1538,3,126.33,293.04,-10.53,0.26,1537,17,primary_apical_trunk,4
1539,3,127.23,294.04,-10.44,0.26,1538,17,primary_apical_trunk,4
1540,3,127.63,295.14,-10.34,0.26,1539,17,primary_apical_trunk,4
1541,3,128.33,296.54,-10.23,0.26,1540,17,primary_apical_trunk,4
1542,3,129.23,297.94,-10.14,0.185,1541,17,primary_apical_trunk,4
1543,3,129.83,299.54,-10.14,0.185,1542,17,primary_apical_trunk,4
1544,3,130.13,301.04,-10.02,0.185,1543,17,primary_apical_trunk,4
1545,3,130.23,302.54,-10.62,0.15,1544,17,primary_apical_trunk,4
1546,3,130.33,302.64,-10.62,0.15,1545,17,primary_apical_trunk,4
1547,3,130.63,303.74,-10.69,0.15,1546,17,primary_apical_trunk,4
1548,3,130.63,303.94,-10.69,0.15,1547,17,primary_apical_trunk,4
1549,3,131.33,305.04,-10.71,0.15,1548,17,primary_apical_trunk,4
1550,3,131.93,305.84,-10.71,0.15,1549,17,primary_apical_trunk,4
1551,3,132.73,307.34,-10.71,0.15,1550,17,primary_apical_trunk,4
1552,3,132.83,307.64,-10.71,0.15,1551,17,primary_apical_trunk,4
1553,3,133.03,308.24,-10.78,0.15,1552,17,primary_apical_trunk,4
1554,3,133.13,308.54,-10.78,0.15,1553,17,primary_apical_trunk,4
1555,3,133.43,309.54,-10.78,0.15,1554,17,primary_apical_trunk,4
1556,3,133.53,309.84,-10.78,0.15,1555,17,primary_apical_trunk,4
1557,3,134.03,310.84,-10.78,0.15,1556,17,primary_apical_trunk,4
1558,3,134.23,310.84,-10.78,0.15,1557,17,primary_apical_trunk,4
1559,3,134.73,311.94,-10.78,0.15,1558,17,primary_apical_trunk,4
1560,3,135.03,312.94,-10.87,0.15,1559,17,primary_apical_trunk,4
1561,3,135.03,313.04,-10.87,0.15,1560,17,primary_apical_trunk,4
1562,3,135.33,314.54,-10.96,0.15,1561,17,primary_apical_trunk,4
1563,3,135.23,315.64,-11.09,0.15,1562,17,primary_apical_trunk,4
1564,3,135.33,316.44,-10.09,0.15,1563,17,primary_apical_trunk,4
1565,3,135.33,317.44,-9.94,0.15,1564,17,primary_apical_trunk,4
1566,3,134.83,318.54,-9.89,0.15,1565,17,primary_apical_trunk,4
1567,3,134.83,318.74,-9.89,0.15,1566,17,primary_apical_trunk,4
1568,3,134.63,319.44,-9.84,0.15,1567,17,primary_apical_trunk,4
1569,3,134.93,320.54,-9.77,0.15,1568,17,primary_apical_trunk,4
1570,3,135.83,321.74,-9.73,0.15,1569,17,primary_apical_trunk,4
1571,3,136.53,323.14,-9.68,0.15,1570,17,primary_apical_trunk,4
1572,3,136.73,324.24,-9.68,0.15,1571,17,primary_apical_trunk,4
1573,3,136.63,325.24,-9.68,0.15,1572,17,primary_apical_trunk,4
1574,3,136.53,326.84,-9.59,0.15,1573,17,primary_apical_trunk,4
1575,3,136.43,328.14,-9.52,0.15,1574,17,primary_apical_trunk,4
1576,3,136.43,329.24,-9.52,0.15,1575,17,primary_apical_trunk,4
1577,3,136.73,330.54,-9.43,0.15,1576,17,primary_apical_trunk,4
1578,3,136.63,330.64,-9.43,0.15,1577,17,primary_apical_trunk,4
1579,3,136.63,332.04,-9.39,0.15,1578,17,primary_apical_trunk,4
1580,3,136.63,332.14,-9.39,0.15,1579,17,primary_apical_trunk,4
1581,3,137.03,333.74,-9.39,0.15,1580,17,primary_apical_trunk,4
1582,3,136.93,334.74,-9.34,0.15,1581,17,primary_apical_trunk,4
1583,3,136.93,334.94,-9.34,0.15,1582,17,primary_apical_trunk,4
1584,3,136.73,335.94,-9.34,0.15,1583,17,primary_apical_trunk,4
1585,3,136.43,337.24,-10.39,0.15,1584,17,primary_apical_trunk,4
1586,3,136.33,338.24,-10.34,0.15,1585,17,primary_apical_trunk,4
1587,3,136.33,338.34,-10.27,0.15,1586,17,primary_apical_trunk,4
1588,3,136.13,339.14,-10.14,0.15,1587,17,primary_apical_trunk,4
1589,3,136.13,339.24,-10.09,0.15,1588,17,primary_apical_trunk,4
1590,3,136.23,340.24,-9.89,0.15,1589,17,primary_apical_trunk,4
1591,3,136.23,340.34,-9.84,0.15,1590,17,primary_apical_trunk,4
1592,3,136.53,341.54,-9.68,0.15,1591,17,primary_apical_trunk,4
1593,3,136.63,342.64,-9.52,0.15,1592,17,primary_apical_trunk,4
1594,3,107.44,241.04,-12.28,0.11,1489,18,primary_apical_trunk,4
1595,3,107.44,241.04,-12.34,0.11,1594,18,primary_apical_trunk,4
1596,3,108.04,242.94,-12.46,0.11,1595,18,primary_apical_trunk,4
1597,3,108.54,244.64,-12.59,0.11,1596,18,primary_apical_trunk,4
1598,3,108.44,244.74,-12.59,0.11,1597,18,primary_apical_trunk,4
1599,3,109.04,246.14,-12.69,0.11,1598,18,primary_apical_trunk,4
1600,3,109.94,247.34,-12.78,0.11,1599,18,primary_apical_trunk,4
1601,3,109.94,247.44,-12.84,0.11,1600,18,primary_apical_trunk,4
1602,3,110.53,248.64,-12.87,0.11,1601,18,primary_apical_trunk,4
1603,3,110.53,248.94,-12.87,0.11,1602,18,primary_apical_trunk,4
1604,3,110.93,249.44,-13.19,0.11,1603,18,primary_apical_trunk,4
1605,3,111.63,250.04,-13.34,0.11,1604,18,primary_apical_trunk,4
1606,3,112.43,250.84,-13.44,0.11,1605,18,primary_apical_trunk,4
1607,3,113.43,252.04,-13.53,0.11,1606,18,primary_apical_trunk,4
1608,3,114.13,253.24,-13.59,0.11,1607,18,primary_apical_trunk,4
1609,3,114.23,253.44,-13.59,0.11,1608,18,primary_apical_trunk,4
1610,3,114.23,254.74,-13.59,0.11,1609,18,primary_apical_trunk,4
1611,3,114.53,256.74,-13.94,0.11,1610,18,primary_apical_trunk,4
1612,3,114.63,258.44,-13.94,0.11,1611,18,primary_apical_trunk,4
1613,3,115.03,259.74,-13.96,0.11,1612,18,primary_apical_trunk,4
1614,3,115.03,259.84,-13.96,0.11,1613,18,primary_apical_trunk,4
1615,3,115.43,261.44,-13.96,0.11,1614,18,primary_apical_trunk,4
1616,3,115.53,263.34,-14.19,0.11,1615,18,primary_apical_trunk,4
1617,3,115.73,264.64,-14.19,0.11,1616,18,primary_apical_trunk,4
1618,3,115.73,264.74,-14.19,0.11,1617,18,primary_apical_trunk,4
1619,3,116.23,266.04,-14.19,0.11,1618,18,primary_apical_trunk,4
1620,3,117.13,268.24,-14.21,0.11,1619,18,primary_apical_trunk,4
1621,3,117.53,269.84,-14.21,0.11,1620,18,primary_apical_trunk,4
1622,3,117.63,270.04,-14.21,0.11,1621,18,primary_apical_trunk,4
1623,3,118.23,271.44,-14.21,0.11,1622,18,primary_apical_trunk,4
1624,3,119.13,273.04,-14.69,0.11,1623,18,primary_apical_trunk,4
1625,3,120.33,274.44,-14.62,0.11,1624,18,primary_apical_trunk,4
1626,3,121.13,275.54,-14.94,0.11,1625,18,primary_apical_trunk,4
1627,3,121.83,276.34,-15.19,0.11,1626,18,primary_apical_trunk,4
1628,3,122.73,277.74,-13.84,0.11,1627,18,primary_apical_trunk,4
1629,3,122.73,277.74,-13.71,0.11,1628,18,primary_apical_trunk,4
1630,3,123.33,279.54,-13.53,0.11,1629,18,primary_apical_trunk,4
1631,3,123.83,281.14,-13.12,0.11,1630,18,primary_apical_trunk,4
1632,3,123.83,281.24,-13.03,0.11,1631,18,primary_apical_trunk,4
1633,3,124.33,282.34,-14.19,0.11,1632,18,primary_apical_trunk,4
1634,3,124.43,282.54,-14.21,0.11,1633,18,primary_apical_trunk,4
1635,3,124.63,284.24,-14.34,0.11,1634,18,primary_apical_trunk,4
1636,3,124.73,285.24,-14.37,0.11,1635,18,primary_apical_trunk,4
1637,3,124.63,285.24,-14.37,0.11,1636,18,primary_apical_trunk,4
1638,3,124.83,286.44,-14.44,0.11,1637,18,primary_apical_trunk,4
1639,3,125.43,287.64,-14.62,0.11,1638,18,primary_apical_trunk,4
1640,3,126.03,288.54,-14.78,0.11,1639,18,primary_apical_trunk,4
1641,3,126.73,289.74,-14.78,0.11,1640,18,primary_apical_trunk,4
1642,3,126.63,289.54,-14.69,0.11,1641,18,primary_apical_trunk,4
1643,3,127.53,290.34,-15.44,0.11,1642,18,primary_apical_trunk,4
1644,3,128.03,291.84,-15.21,0.11,1643,18,primary_apical_trunk,4
1645,3,128.13,292.14,-15.21,0.11,1644,18,primary_apical_trunk,4
1646,3,129.03,293.94,-15.12,0.11,1645,18,primary_apical_trunk,4
1647,3,129.13,294.14,-15.09,0.11,1646,18,primary_apical_trunk,4
1648,3,129.53,295.34,-15.03,0.11,1647,18,primary_apical_trunk,4
1649,3,129.73,295.54,-15.03,0.11,1648,18,primary_apical_trunk,4
1650,3,130.43,296.54,-14.96,0.11,1649,18,primary_apical_trunk,4
1651,3,131.13,297.24,-14.94,0.11,1650,18,primary_apical_trunk,4
1652,3,131.83,297.94,-14.94,0.11,1651,18,primary_apical_trunk,4
1653,3,132.63,299.14,-14.94,0.11,1652,18,primary_apical_trunk,4
1654,3,133.53,300.04,-14.87,0.11,1653,18,primary_apical_trunk,4
1655,3,134.43,301.54,-14.87,0.11,1654,18,primary_apical_trunk,4
1656,3,135.93,302.74,-14.87,0.11,1655,18,primary_apical_trunk,4
1657,3,136.33,304.04,-14.87,0.11,1656,18,primary_apical_trunk,4
1658,3,137.13,305.24,-14.96,0.11,1657,18,primary_apical_trunk,4
1659,3,138.13,306.64,-15.12,0.11,1658,18,primary_apical_trunk,4
1660,3,139.03,308.14,-15.21,0.11,1659,18,primary_apical_trunk,4
1661,3,139.93,309.34,-15.44,0.11,1660,18,primary_apical_trunk,4
1662,3,139.93,309.34,-15.71,0.11,1661,18,primary_apical_trunk,4
1663,3,140.43,310.34,-15.96,0.11,1662,18,primary_apical_trunk,4
1664,3,141.43,311.44,-16.03,0.11,1663,18,primary_apical_trunk,4
1665,3,143.23,312.74,-16.09,0.11,1664,18,primary_apical_trunk,4
1666,3,144.63,313.54,-16.37,0.11,1665,18,primary_apical_trunk,4
1667,3,144.63,313.64,-16.44,0.11,1666,18,primary_apical_trunk,4
1668,3,145.53,314.54,-16.21,0.11,1667,18,primary_apical_trunk,4
1669,3,146.43,315.44,-15.59,0.11,1668,18,primary_apical_trunk,4
1670,3,146.43,315.44,-15.46,0.11,1669,18,primary_apical_trunk,4
1671,3,147.73,316.14,-15.21,0.11,1670,18,primary_apical_trunk,4
1672,3,147.83,316.14,-15.19,0.11,1671,18,primary_apical_trunk,4
1673,3,149.13,316.74,-15.03,0.11,1672,18,primary_apical_trunk,4
1674,3,149.23,316.84,-15.03,0.11,1673,18,primary_apical_trunk,4
1675,3,150.13,317.24,-14.94,0.11,1674,18,primary_apical_trunk,4
1676,3,150.23,317.24,-14.94,0.11,1675,18,primary_apical_trunk,4
1677,3,151.73,317.74,-14.87,0.11,1676,18,primary_apical_trunk,4
1678,3,152.43,318.74,-14.84,0.11,1677,18,primary_apical_trunk,4
1679,3,152.73,320.14,-16.46,0.11,1678,18,primary_apical_trunk,4
1680,3,153.53,322.24,-16.59,0.11,1679,18,primary_apical_trunk,4
1681,3,153.43,322.34,-16.59,0.11,1680,18,primary_apical_trunk,4
1682,3,154.03,324.14,-16.62,0.11,1681,18,primary_apical_trunk,4
1683,3,154.23,325.04,-16.69,0.11,1682,18,primary_apical_trunk,4
1684,3,154.23,325.34,-16.69,0.11,1683,18,primary_apical_trunk,4
1685,3,154.93,326.24,-16.69,0.11,1684,18,primary_apical_trunk,4
1686,3,155.73,327.44,-16.71,0.11,1685,18,primary_apical_trunk,4
1687,3,157.23,328.24,-16.78,0.11,1686,18,primary_apical_trunk,4
1688,3,158.43,328.54,-16.87,0.11,1687,18,primary_apical_trunk,4
1689,3,159.63,328.64,-16.96,0.11,1688,18,primary_apical_trunk,4
1690,3,160.63,328.44,-17.03,0.11,1689,18,primary_apical_trunk,4
1691,3,161.83,328.34,-17.03,0.11,1690,18,primary_apical_trunk,4
1692,3,6.93,-10.5,-1.59,0.22,28,19,primary_apical_trunk,4
1693,3,7.28,-11.47,-1.54,0.22,1692,19,primary_apical_trunk,4
1694,3,7.35,-11.67,-1.54,0.22,1693,19,primary_apical_trunk,4
1695,3,7.82,-12.91,-1.5,0.22,1694,19,primary_apical_trunk,4
1696,3,7.89,-13.75,-1.5,0.22,1695,19,primary_apical_trunk,4
1697,3,8.23,-14.58,-1.5,0.22,1696,19,primary_apical_trunk,4
1698,3,8.67,-15.52,-1.54,0.22,1697,19,primary_apical_trunk,4
1699,3,8.83,-16.85,-1.34,0.22,1698,19,primary_apical_trunk,4
1700,3,9.27,-17.64,-1.59,0.22,1699,19,primary_apical_trunk,4
1701,3,9.65,-18.39,-1.75,0.22,1700,19,primary_apical_trunk,4
1702,3,9.71,-18.6,-1.75,0.22,1701,19,primary_apical_trunk,4
1703,3,10.18,-18.97,-1.79,0.22,1702,19,primary_apical_trunk,4
1704,3,11.06,-19.17,-1.84,0.22,1703,19,primary_apical_trunk,4
1705,3,11.54,-19.41,-1.9,0.22,1704,19,primary_apical_trunk,4
1706,3,11.64,-19.55,-1.9,0.22,1705,19,primary_apical_trunk,4
1707,3,11.8,-20.36,-2.0,0.22,1706,19,primary_apical_trunk,4
1708,3,11.21,-20.89,-2.89,0.22,1707,19,primary_apical_trunk,4
1709,3,11.05,-21.22,-2.93,0.22,1708,19,primary_apical_trunk,4
1710,3,10.88,-21.72,-3.05,0.22,1709,19,primary_apical_trunk,4
1711,3,10.79,-21.91,-3.05,0.22,1710,19,primary_apical_trunk,4
1712,3,11.55,-22.22,-3.09,0.22,1711,19,primary_apical_trunk,4
1713,3,12.23,-23.03,-4.43,0.22,1712,19,primary_apical_trunk,4
1714,3,12.32,-23.16,-4.43,0.22,1713,19,primary_apical_trunk,4
1715,3,13.12,-23.89,-4.5,0.22,1714,19,primary_apical_trunk,4
1716,3,13.18,-24.08,-4.5,0.22,1715,19,primary_apical_trunk,4
1717,3,13.42,-24.63,-4.68,0.22,1716,19,primary_apical_trunk,4
1718,3,13.86,-25.89,-5.05,0.22,1717,19,primary_apical_trunk,4
1719,3,13.88,-26.83,-5.68,0.22,1718,19,primary_apical_trunk,4
1720,3,14.36,-27.71,-5.68,0.22,1719,19,primary_apical_trunk,4
1721,3,14.27,-27.91,-5.68,0.22,1720,19,primary_apical_trunk,4
1722,3,14.4,-29.12,-5.75,0.22,1721,19,primary_apical_trunk,4
1723,3,14.45,-29.23,-5.75,0.22,1722,19,primary_apical_trunk,4
1724,3,14.15,-30.16,-5.75,0.22,1723,19,primary_apical_trunk,4
1725,3,14.12,-30.38,-5.75,0.22,1724,19,primary_apical_trunk,4
1726,3,14.29,-31.54,-5.8,0.22,1725,19,primary_apical_trunk,4
1727,3,14.29,-31.7,-5.8,0.22,1726,19,primary_apical_trunk,4
1728,3,14.1,-32.76,-5.84,0.22,1727,19,primary_apical_trunk,4
1729,3,14.1,-32.92,-5.84,0.22,1728,19,primary_apical_trunk,4
1730,3,14.42,-34.14,-5.93,0.22,1729,19,primary_apical_trunk,4
1731,3,14.48,-34.35,-5.93,0.22,1730,19,primary_apical_trunk,4
1732,3,14.68,-35.76,-6.0,0.22,1731,19,primary_apical_trunk,4
1733,3,14.73,-37.35,-6.68,0.22,1732,19,primary_apical_trunk,4
1734,3,14.7,-37.58,-6.68,0.22,1733,19,primary_apical_trunk,4
1735,3,15.34,-39.11,-6.68,0.22,1734,19,primary_apical_trunk,4
1736,3,15.78,-40.4,-6.68,0.22,1735,19,primary_apical_trunk,4
1737,3,15.77,-40.58,-6.68,0.22,1736,19,primary_apical_trunk,4
1738,3,16.02,-41.93,-6.68,0.22,1737,19,primary_apical_trunk,4
1739,3,16.02,-42.09,-6.68,0.22,1738,19,primary_apical_trunk,4
1740,3,16.3,-43.21,-6.68,0.22,1739,19,primary_apical_trunk,4
1741,3,16.74,-44.82,-6.75,0.22,1740,19,primary_apical_trunk,4
1742,3,16.73,-44.99,-6.75,0.22,1741,19,primary_apical_trunk,4
1743,3,17.4,-46.14,-7.0,0.22,1742,19,primary_apical_trunk,4
1744,3,17.95,-47.55,-7.09,0.22,1743,19,primary_apical_trunk,4
1745,3,17.94,-47.72,-7.09,0.22,1744,19,primary_apical_trunk,4
1746,3,18.65,-48.64,-7.25,0.22,1745,19,primary_apical_trunk,4
1747,3,18.67,-48.75,-7.3,0.22,1746,19,primary_apical_trunk,4
1748,3,19.14,-49.8,-7.3,0.22,1747,19,primary_apical_trunk,4
1749,3,19.81,-50.78,-7.3,0.22,1748,19,primary_apical_trunk,4
1750,3,19.88,-50.97,-7.3,0.22,1749,19,primary_apical_trunk,4
1751,3,20.91,-52.71,-7.34,0.22,1750,19,primary_apical_trunk,4
1752,3,20.96,-52.82,-7.34,0.22,1751,19,primary_apical_trunk,4
1753,3,22.07,-53.92,-5.84,0.22,1752,19,primary_apical_trunk,4
1754,3,23.18,-54.7,-5.75,0.22,1753,19,primary_apical_trunk,4
1755,3,23.25,-54.9,-5.68,0.22,1754,19,primary_apical_trunk,4
1756,3,23.95,-55.65,-5.64,0.22,1755,19,primary_apical_trunk,4
1757,3,24.81,-56.9,-5.68,0.22,1756,19,primary_apical_trunk,4
1758,3,25.67,-57.99,-5.8,0.22,1757,19,primary_apical_trunk,4
1759,3,25.7,-58.09,-5.8,0.22,1758,19,primary_apical_trunk,4
1760,3,26.6,-59.43,-5.8,0.22,1759,19,primary_apical_trunk,4
1761,3,26.62,-59.59,-5.84,0.22,1760,19,primary_apical_trunk,4
1762,3,27.25,-60.82,-5.84,0.22,1761,19,primary_apical_trunk,4
1763,3,28.08,-62.3,-5.89,0.22,1762,19,primary_apical_trunk,4
1764,3,28.49,-63.65,-5.93,0.22,1763,19,primary_apical_trunk,4
1765,3,28.53,-63.91,-5.93,0.22,1764,19,primary_apical_trunk,4
1766,3,28.97,-65.35,-5.93,0.22,1765,19,primary_apical_trunk,4
1767,3,29.53,-66.22,-6.0,0.22,1766,19,primary_apical_trunk,4
1768,3,30.69,-66.87,-6.0,0.22,1767,19,primary_apical_trunk,4
1769,3,31.33,-67.6,-6.0,0.22,1768,19,primary_apical_trunk,4
1770,3,31.87,-69.01,-6.25,0.22,1769,19,primary_apical_trunk,4
1771,3,32.89,-70.08,-6.25,0.22,1770,19,primary_apical_trunk,4
1772,3,34.03,-71.48,-6.39,0.22,1771,19,primary_apical_trunk,4
1773,3,35.02,-72.46,-6.59,0.22,1772,19,primary_apical_trunk,4
1774,3,35.82,-73.5,-6.64,0.22,1773,19,primary_apical_trunk,4
1775,3,36.07,-74.86,-7.34,0.22,1774,19,primary_apical_trunk,4
1776,3,36.08,-75.02,-7.34,0.22,1775,19,primary_apical_trunk,4
1777,3,36.04,-76.24,-7.39,0.22,1776,19,primary_apical_trunk,4
1778,3,36.08,-76.35,-7.39,0.22,1777,19,primary_apical_trunk,4
1779,3,36.21,-78.06,-7.43,0.22,1778,19,primary_apical_trunk,4
1780,3,36.5,-79.35,-7.68,0.22,1779,19,primary_apical_trunk,4
1781,3,36.52,-79.45,-7.75,0.22,1780,19,primary_apical_trunk,4
1782,3,36.76,-80.63,-7.89,0.22,1781,19,primary_apical_trunk,4
1783,3,37.17,-82.31,-7.05,0.22,1782,19,primary_apical_trunk,4
1784,3,37.17,-82.31,-6.8,0.22,1783,19,primary_apical_trunk,4
1785,3,37.51,-84.12,-6.55,0.22,1784,19,primary_apical_trunk,4
1786,3,37.55,-85.38,-6.34,0.22,1785,19,primary_apical_trunk,4
1787,3,37.6,-85.64,-6.3,0.22,1786,19,primary_apical_trunk,4
1788,3,38.07,-86.53,-6.14,0.22,1787,19,primary_apical_trunk,4
1789,3,38.72,-87.85,-6.05,0.22,1788,19,primary_apical_trunk,4
1790,3,38.84,-87.97,-6.05,0.22,1789,19,primary_apical_trunk,4
1791,3,39.11,-88.93,-5.93,0.22,1790,19,primary_apical_trunk,4
1792,3,39.17,-89.14,-5.89,0.22,1791,19,primary_apical_trunk,4
1793,3,39.48,-90.02,-5.84,0.22,1792,19,primary_apical_trunk,4
1794,3,40.44,-91.72,-5.75,0.22,1793,19,primary_apical_trunk,4
1795,3,40.82,-92.83,-5.64,0.22,1794,19,primary_apical_trunk,4
1796,3,41.56,-94.13,-5.55,0.22,1795,19,primary_apical_trunk,4
1797,3,41.59,-94.23,-5.55,0.22,1796,19,primary_apical_trunk,4
1798,3,42.12,-95.03,-5.5,0.22,1797,19,primary_apical_trunk,4
1799,3,42.04,-95.33,-5.5,0.22,1798,19,primary_apical_trunk,4
1800,3,42.23,-96.43,-5.43,0.22,1799,19,primary_apical_trunk,4
1801,3,42.54,-97.33,-5.43,0.22,1800,19,primary_apical_trunk,4
1802,3,42.53,-97.53,-5.43,0.22,1801,19,primary_apical_trunk,4
1803,3,43.04,-98.23,-5.43,0.22,1802,19,primary_apical_trunk,4
1804,3,43.13,-98.33,-5.39,0.22,1803,19,primary_apical_trunk,4
1805,3,44.16,-98.73,-5.39,0.22,1804,19,primary_apical_trunk,4
1806,3,45.41,-99.03,-5.39,0.22,1805,19,primary_apical_trunk,4
1807,3,46.66,-99.73,-5.39,0.22,1806,19,primary_apical_trunk,4
1808,3,47.51,-100.33,-5.39,0.22,1807,19,primary_apical_trunk,4
1809,3,48.4,-100.83,-5.39,0.22,1808,19,primary_apical_trunk,4
1810,3,48.44,-100.93,-5.39,0.22,1809,19,primary_apical_trunk,4
1811,3,48.9,-101.53,-5.39,0.22,1810,19,primary_apical_trunk,4
1812,3,48.94,-101.63,-5.39,0.22,1811,19,primary_apical_trunk,4
1813,3,48.65,-102.63,-4.8,0.22,1812,19,primary_apical_trunk,4
1814,3,49.52,-103.43,-4.75,0.22,1813,19,primary_apical_trunk,4
1815,3,50.71,-104.13,-4.5,0.22,1814,19,primary_apical_trunk,4
1816,3,51.41,-105.43,-4.43,0.22,1815,19,primary_apical_trunk,4
1817,3,52.36,-107.13,-4.39,0.22,1816,19,primary_apical_trunk,4
1818,3,52.89,-108.13,-4.5,0.22,1817,19,primary_apical_trunk,4
1819,3,52.88,-108.23,-4.5,0.22,1818,19,primary_apical_trunk,4
1820,3,53.02,-109.33,-4.55,0.22,1819,19,primary_apical_trunk,4
1821,3,52.83,-110.33,-4.43,0.22,1820,19,primary_apical_trunk,4
1822,3,53.17,-111.53,-4.3,0.22,1821,19,primary_apical_trunk,4
1823,3,53.28,-111.63,-4.3,0.22,1822,19,primary_apical_trunk,4
1824,3,54.05,-112.63,-4.25,0.22,1823,19,primary_apical_trunk,4
1825,3,55.54,-113.93,-4.75,0.22,1824,19,primary_apical_trunk,4
1826,3,56.72,-114.63,-4.89,0.22,1825,19,primary_apical_trunk,4
1827,3,57.44,-115.43,-5.05,0.22,1826,19,primary_apical_trunk,4
1828,3,58.47,-116.53,-5.18,0.22,1827,19,primary_apical_trunk,4
1829,3,58.57,-116.83,-5.18,0.22,1828,19,primary_apical_trunk,4
1830,3,59.0,-117.63,-5.25,0.22,1829,19,primary_apical_trunk,4
1831,3,59.04,-117.73,-5.25,0.22,1830,19,primary_apical_trunk,4
1832,3,59.2,-119.03,-5.34,0.22,1831,19,primary_apical_trunk,4
1833,3,59.58,-120.93,-5.43,0.22,1832,19,primary_apical_trunk,4
1834,3,60.07,-123.13,-5.5,0.22,1833,19,primary_apical_trunk,4
1835,3,60.32,-124.13,-5.55,0.22,1834,19,primary_apical_trunk,4
1836,3,60.41,-124.33,-5.55,0.22,1835,19,primary_apical_trunk,4
1837,3,60.52,-125.53,-5.59,0.22,1836,19,primary_apical_trunk,4
1838,3,60.45,-125.73,-5.59,0.22,1837,19,primary_apical_trunk,4
1839,3,60.88,-127.43,-4.14,0.22,1838,19,primary_apical_trunk,4
1840,3,61.41,-129.33,-4.34,0.22,1839,19,primary_apical_trunk,4
1841,3,61.42,-129.43,-4.34,0.22,1840,19,primary_apical_trunk,4
1842,3,61.94,-130.53,-4.5,0.22,1841,19,primary_apical_trunk,4
1843,3,62.54,-132.33,-4.64,0.22,1842,19,primary_apical_trunk,4
1844,3,62.52,-133.23,-4.8,0.22,1843,19,primary_apical_trunk,4
1845,3,63.61,-135.03,-3.55,0.22,1844,19,primary_apical_trunk,4
1846,3,63.62,-135.13,-3.55,0.22,1845,19,primary_apical_trunk,4
1847,3,64.06,-137.23,-3.5,0.22,1846,19,primary_apical_trunk,4
1848,3,64.23,-139.03,-3.43,0.22,1847,19,primary_apical_trunk,4
1849,3,64.38,-140.83,-3.39,0.22,1848,19,primary_apical_trunk,4
1850,3,64.41,-140.93,-3.39,0.22,1849,19,primary_apical_trunk,4
1851,3,64.05,-142.63,-3.39,0.22,1850,19,primary_apical_trunk,4
1852,3,63.98,-143.63,-3.34,0.22,1851,19,primary_apical_trunk,4
1853,3,64.0,-143.93,-3.34,0.22,1852,19,primary_apical_trunk,4
1854,3,64.35,-145.43,-3.34,0.22,1853,19,primary_apical_trunk,4
1855,3,64.4,-146.73,-4.05,0.22,1854,19,primary_apical_trunk,4
1856,3,64.84,-147.83,-4.14,0.22,1855,19,primary_apical_trunk,4
1857,3,65.38,-149.73,-4.64,0.22,1856,19,primary_apical_trunk,4
1858,3,65.51,-150.03,-4.68,0.22,1857,19,primary_apical_trunk,4
1859,3,66.18,-152.03,-4.75,0.22,1858,19,primary_apical_trunk,4
1860,3,66.49,-153.83,-4.8,0.22,1859,19,primary_apical_trunk,4
1861,3,67.04,-155.33,-4.8,0.22,1860,19,primary_apical_trunk,4
1862,3,67.1,-155.43,-4.8,0.22,1861,19,primary_apical_trunk,4
1863,3,67.77,-156.83,-4.84,0.22,1862,19,primary_apical_trunk,4
1864,3,67.87,-157.13,-4.84,0.22,1863,19,primary_apical_trunk,4
1865,3,68.58,-158.23,-4.84,0.22,1864,19,primary_apical_trunk,4
1866,3,69.56,-159.93,-5.0,0.22,1865,19,primary_apical_trunk,4
1867,3,70.22,-160.73,-5.0,0.22,1866,19,primary_apical_trunk,4
1868,3,71.28,-162.43,-3.75,0.22,1867,19,primary_apical_trunk,4
1869,3,71.8,-163.33,-3.64,0.22,1868,19,primary_apical_trunk,4
1870,3,72.06,-164.33,-3.75,0.22,1869,19,primary_apical_trunk,4
1871,3,72.2,-165.43,-4.0,0.22,1870,19,primary_apical_trunk,4
1872,3,72.08,-166.83,-4.14,0.22,1871,19,primary_apical_trunk,4
1873,3,72.01,-166.93,-4.14,0.22,1872,19,primary_apical_trunk,4
1874,3,72.56,-168.53,-5.25,0.22,1873,19,primary_apical_trunk,4
1875,3,72.6,-168.63,-5.3,0.22,1874,19,primary_apical_trunk,4
1876,3,72.89,-170.53,-5.75,0.22,1875,19,primary_apical_trunk,4
1877,3,72.89,-170.53,-5.59,0.22,1876,19,primary_apical_trunk,4
1878,3,73.08,-172.43,-4.55,0.22,1877,19,primary_apical_trunk,4
1879,3,73.71,-173.83,-4.59,0.22,1878,19,primary_apical_trunk,4
1880,3,73.88,-174.63,-4.64,0.22,1879,19,primary_apical_trunk,4
1881,3,73.91,-174.83,-4.64,0.22,1880,19,primary_apical_trunk,4
1882,3,74.19,-175.73,-4.64,0.22,1881,19,primary_apical_trunk,4
1883,3,74.09,-175.83,-4.64,0.22,1882,19,primary_apical_trunk,4
1884,3,6.93,-10.5,-1.59,0.445,27,20,primary_apical_trunk,4
1885,3,6.37,-10.95,-1.55,0.445,1884,20,primary_apical_trunk,4
1886,3,6.01,-12.01,-1.5,0.445,1885,20,primary_apical_trunk,4
1887,3,6.19,-12.84,-3.25,0.445,1886,20,primary_apical_trunk,4
1888,3,6.12,-13.46,-3.34,0.445,1887,20,primary_apical_trunk,4
1889,3,5.6,-13.7,-3.39,0.445,1888,20,primary_apical_trunk,4
1890,3,5.37,-13.84,-3.39,0.445,1889,20,primary_apical_trunk,4
1891,3,4.31,-13.96,-3.68,0.445,1890,20,primary_apical_trunk,4
1892,3,3.68,-14.07,-3.89,0.445,1891,20,primary_apical_trunk,4
1893,3,3.58,-14.11,-3.89,0.445,1892,20,primary_apical_trunk,4
1894,3,2.73,-14.01,-5.09,0.445,1893,20,primary_apical_trunk,4
1895,3,2.16,-14.31,-5.09,0.445,1894,20,primary_apical_trunk,4
1896,3,2.06,-14.51,-5.09,0.445,1895,20,primary_apical_trunk,4
1897,3,1.95,-15.78,-5.14,0.445,1896,20,primary_apical_trunk,4
1898,3,1.54,-15.57,-6.3,0.445,1897,20,primary_apical_trunk,4
1899,3,1.44,-15.43,-6.34,0.445,1898,20,primary_apical_trunk,4
1900,3,1.05,-15.07,-6.34,0.445,1899,20,primary_apical_trunk,4
1901,3,0.88,-15.25,-6.34,0.445,1900,20,primary_apical_trunk,4
1902,3,0.28,-15.61,-6.34,0.445,1901,20,primary_apical_trunk,4
1903,3,0.1,-15.84,-6.34,0.445,1902,20,primary_apical_trunk,4
1904,3,-0.57,-16.0,-5.75,0.37,1903,20,primary_apical_trunk,4
1905,3,-1.43,-15.89,-6.84,0.295,1904,20,primary_apical_trunk,4
1906,3,-2.17,-16.03,-6.89,0.295,1905,20,primary_apical_trunk,4
1907,3,-2.39,-16.16,-6.89,0.295,1906,20,primary_apical_trunk,4
1908,3,-2.93,-16.39,-6.93,0.295,1907,20,primary_apical_trunk,4
1909,3,-2.99,-16.53,-6.93,0.295,1908,20,primary_apical_trunk,4
1910,3,-2.72,-16.97,-8.3,0.445,1909,20,primary_apical_trunk,4
1911,3,-2.78,-17.44,-8.3,0.445,1910,20,primary_apical_trunk,4
1912,3,-2.74,-17.55,-8.3,0.445,1911,20,primary_apical_trunk,4
1913,3,-2.42,-17.89,-8.3,0.445,1912,20,primary_apical_trunk,4
1914,3,-2.48,-18.0,-8.3,0.445,1913,20,primary_apical_trunk,4
1915,3,-2.17,-19.24,-9.53,0.185,1914,20,primary_apical_trunk,4
1916,3,-2.15,-19.33,-9.6,0.185,1915,20,primary_apical_trunk,4
1917,3,-2.01,-20.55,-9.78,0.185,1916,20,primary_apical_trunk,4
1918,3,-2.01,-20.72,-9.85,0.185,1917,20,primary_apical_trunk,4
1919,3,-3.02,-21.92,-10.03,0.185,1918,20,primary_apical_trunk,4
1920,3,-3.08,-22.05,-10.1,0.185,1919,20,primary_apical_trunk,4
1921,3,-4.39,-23.39,-10.12,0.185,1920,20,primary_apical_trunk,4
1922,3,-5.56,-25.28,-11.37,0.185,1921,20,primary_apical_trunk,4
1923,3,-6.58,-26.66,-11.37,0.185,1922,20,primary_apical_trunk,4
1924,3,-6.71,-26.78,-11.37,0.185,1923,20,primary_apical_trunk,4
1925,3,-8.79,-28.64,-12.5,0.11,1924,20,primary_apical_trunk,4
1926,3,-8.85,-28.78,-12.5,0.11,1925,20,primary_apical_trunk,4
1927,3,-9.77,-29.63,-12.5,0.11,1926,20,primary_apical_trunk,4
1928,3,-9.86,-29.82,-12.5,0.11,1927,20,primary_apical_trunk,4
1929,3,-10.98,-31.25,-12.5,0.11,1928,20,primary_apical_trunk,4
1930,4,0.0,0.0,0.0,0.74,1,21,primary_apical_trunk,4
1931,4,-1.49,0.28,0.0,0.74,1930,21,primary_apical_trunk,4
1932,4,-2.33,0.77,-0.05,0.74,1931,21,primary_apical_trunk,4
1933,4,-2.44,0.74,-0.05,0.74,1932,21,primary_apical_trunk,4
1934,4,-3.45,0.21,-0.05,0.74,1933,21,primary_apical_trunk,4
1935,4,-3.58,0.12,-0.05,0.74,1934,21,primary_apical_trunk,4
1936,4,-4.94,-0.46,-0.05,0.74,1935,21,primary_apical_trunk,4
1937,4,-6.12,-0.19,-0.05,0.74,1936,21,primary_apical_trunk,4
1938,4,-6.3,-0.19,-0.05,0.74,1937,21,primary_apical_trunk,4
1939,4,-7.44,-0.03,-0.05,0.74,1938,21,primary_apical_trunk,4
1940,4,-7.76,-0.14,-0.05,0.74,1939,21,primary_apical_trunk,4
1941,4,-8.76,-0.38,-0.05,0.74,1940,21,primary_apical_trunk,4
1942,4,-10.12,0.21,-0.05,0.74,1941,21,primary_apical_trunk,4
1943,4,-11.29,0.65,-0.05,0.74,1942,21,primary_apical_trunk,4
1944,4,-12.65,0.58,-0.05,0.74,1943,21,primary_apical_trunk,4
1945,4,-14.36,0.94,-0.05,0.74,1944,21,primary_apical_trunk,4
1946,4,-16.36,1.08,-0.05,0.74,1945,21,primary_apical_trunk,4
1947,4,-17.97,1.3,0.05,0.665,1946,21,primary_apical_trunk,4
1948,4,-19.05,1.43,0.1,0.665,1947,21,primary_apical_trunk,4
1949,4,-19.17,1.41,0.1,0.665,1948,21,primary_apical_trunk,4
1950,4,-20.26,1.69,0.1,0.665,1949,21,primary_apical_trunk,4
1951,4,-20.93,2.51,0.1,0.665,1950,21,primary_apical_trunk,4
1952,4,-21.78,2.61,-0.59,0.665,1951,21,primary_apical_trunk,4
1953,4,-22.67,2.63,-0.69,0.665,1952,21,primary_apical_trunk,4
1954,4,-23.07,2.5,-0.69,0.665,1953,21,primary_apical_trunk,4
1955,4,-23.98,2.62,-0.69,0.665,1954,21,primary_apical_trunk,4
1956,4,-24.23,2.67,-0.73,0.665,1955,21,primary_apical_trunk,4
1957,4,-25.29,3.19,-0.73,0.665,1956,21,primary_apical_trunk,4
1958,4,-26.6,4.0,-1.15,0.665,1957,21,primary_apical_trunk,4
1959,4,-28.0,4.52,-1.2,0.665,1958,21,primary_apical_trunk,4
1960,4,-29.4,4.55,-1.23,0.74,1959,21,primary_apical_trunk,4
1961,4,-30.55,5.04,-1.23,0.74,1960,21,primary_apical_trunk,4
1962,4,-31.84,5.75,-1.23,0.74,1961,21,primary_apical_trunk,4
1963,4,-32.89,6.12,-1.24,0.74,1962,21,primary_apical_trunk,4
1964,4,-34.39,6.44,-1.24,0.74,1963,21,primary_apical_trunk,4
1965,4,-35.34,6.49,-1.24,0.74,1964,21,primary_apical_trunk,4
1966,4,-35.34,6.49,-1.24,0.665,1965,22,primary_apical_trunk,4
1967,4,-36.27,7.46,-1.35,0.665,1966,22,primary_apical_trunk,4
1968,4,-37.36,8.08,-1.48,0.665,1967,22,primary_apical_trunk,4
1969,4,-38.61,8.54,-1.49,0.665,1968,22,primary_apical_trunk,4
1970,4,-39.85,9.4,-1.98,0.63,1969,22,primary_apical_trunk,4
1971,4,-40.71,9.83,-2.19,0.63,1970,22,primary_apical_trunk,4
1972,4,-41.97,10.59,-2.94,0.59,1971,22,primary_apical_trunk,4
1973,4,-42.67,11.19,-2.94,0.59,1972,22,primary_apical_trunk,4
1974,4,-43.37,11.79,-2.94,0.59,1973,22,primary_apical_trunk,4
1975,4,-44.37,12.11,-2.98,0.59,1974,22,primary_apical_trunk,4
1976,4,-45.19,12.94,-3.24,0.59,1975,22,primary_apical_trunk,4
1977,4,-45.52,13.59,-3.44,0.59,1976,22,primary_apical_trunk,4
1978,4,-46.43,14.78,-3.55,0.59,1977,22,primary_apical_trunk,4
1979,4,-47.26,15.76,-3.8,0.59,1978,22,primary_apical_trunk,4
1980,4,-48.42,16.57,-3.8,0.59,1979,22,primary_apical_trunk,4
1981,4,-49.39,17.95,-4.0,0.515,1980,22,primary_apical_trunk,4
1982,4,-50.15,18.9,-4.0,0.515,1981,22,primary_apical_trunk,4
1983,4,-50.15,18.9,-4.0,0.515,1982,23,primary_apical_trunk,4
1984,4,-51.31,20.38,-4.1,0.515,1983,23,primary_apical_trunk,4
1985,4,-52.08,21.34,-4.25,0.515,1984,23,primary_apical_trunk,4
1986,4,-53.44,22.09,-4.29,0.515,1985,23,primary_apical_trunk,4
1987,4,-53.93,22.91,-4.4,0.515,1986,23,primary_apical_trunk,4
1988,4,-55.17,24.26,-4.5,0.515,1987,23,primary_apical_trunk,4
1989,4,-55.68,25.08,-4.65,0.515,1988,23,primary_apical_trunk,4
1990,4,-56.73,26.43,-4.75,0.515,1989,23,primary_apical_trunk,4
1991,4,-57.25,27.75,-5.0,0.445,1990,23,primary_apical_trunk,4
1992,4,-57.76,28.67,-5.04,0.445,1991,23,primary_apical_trunk,4
1993,4,-58.71,29.94,-5.19,0.445,1992,23,primary_apical_trunk,4
1994,4,-60.14,30.73,-5.19,0.445,1993,23,primary_apical_trunk,4
1995,4,-60.18,31.65,-5.79,0.515,1994,23,primary_apical_trunk,4
1996,4,-60.42,32.52,-5.84,0.515,1995,23,primary_apical_trunk,4
1997,4,-61.08,33.49,-5.94,0.515,1996,23,primary_apical_trunk,4
1998,4,-61.25,34.64,-6.15,0.515,1997,23,primary_apical_trunk,4
1999,4,-61.36,35.77,-6.4,0.515,1998,23,primary_apical_trunk,4
2000,4,-61.9,36.87,-6.54,0.515,1999,23,primary_apical_trunk,4
2001,4,-61.94,36.97,-6.54,0.515,2000,23,primary_apical_trunk,4
2002,4,-62.6,37.95,-6.65,0.515,2001,23,primary_apical_trunk,4
2003,4,-63.2,39.38,-7.69,0.515,2002,23,primary_apical_trunk,4
2004,4,-63.31,39.52,-7.65,0.515,2003,23,primary_apical_trunk,4
2005,4,-63.73,40.81,-7.44,0.515,2004,23,primary_apical_trunk,4
2006,4,-64.34,42.09,-7.15,0.445,2005,23,primary_apical_trunk,4
2007,4,-64.91,43.28,-8.34,0.445,2006,23,primary_apical_trunk,4
2008,4,-65.55,44.66,-8.43,0.445,2007,23,primary_apical_trunk,4
2009,4,-65.59,44.76,-8.43,0.445,2008,23,primary_apical_trunk,4
2010,4,-66.12,45.84,-8.43,0.445,2009,23,primary_apical_trunk,4
2011,4,-66.57,47.13,-8.5,0.445,2010,23,primary_apical_trunk,4
2012,4,-67.21,48.07,-8.09,0.445,2011,23,primary_apical_trunk,4
2013,4,-67.87,49.06,-8.25,0.445,2012,23,primary_apical_trunk,4
2014,4,-68.86,50.53,-8.5,0.445,2013,23,primary_apical_trunk,4
2015,4,-69.41,51.61,-8.55,0.445,2014,23,primary_apical_trunk,4
2016,4,-70.0,52.74,-8.64,0.445,2015,23,primary_apical_trunk,4
2017,4,-70.97,53.95,-8.64,0.445,2016,23,primary_apical_trunk,4
2018,4,-71.1,54.02,-8.64,0.445,2017,23,primary_apical_trunk,4
2019,4,-71.47,55.77,-8.84,0.445,2018,23,primary_apical_trunk,4
2020,4,-71.95,56.99,-8.89,0.445,2019,23,primary_apical_trunk,4
2021,4,-72.55,58.1,-8.93,0.445,2020,23,primary_apical_trunk,4
2022,4,-72.77,59.36,-9.14,0.445,2021,23,primary_apical_trunk,4
2023,4,-73.59,60.83,-9.39,0.445,2022,23,primary_apical_trunk,4
2024,4,-74.27,62.65,-9.89,0.445,2023,23,primary_apical_trunk,4
2025,4,-74.37,62.78,-9.89,0.445,2024,23,primary_apical_trunk,4
2026,4,-75.04,64.25,-9.68,0.445,2025,23,primary_apical_trunk,4
2027,4,-75.55,65.42,-9.5,0.445,2026,23,primary_apical_trunk,4
2028,4,-76.25,66.5,-9.25,0.445,2027,23,primary_apical_trunk,4
2029,4,-76.82,67.86,-9.68,0.445,2028,23,primary_apical_trunk,4
2030,4,-77.16,69.33,-8.75,0.445,2029,23,primary_apical_trunk,4
2031,4,-77.72,70.52,-8.8,0.445,2030,23,primary_apical_trunk,4
2032,4,-78.07,71.83,-9.0,0.445,2031,23,primary_apical_trunk,4
2033,4,-78.8,72.85,-9.14,0.445,2032,23,primary_apical_trunk,4
2034,4,-79.33,73.77,-9.34,0.445,2033,23,primary_apical_trunk,4
2035,4,-79.99,74.93,-9.55,0.445,2034,23,primary_apical_trunk,4
2036,4,-80.7,76.01,-9.84,0.445,2035,23,primary_apical_trunk,4
2037,4,-80.7,76.01,-10.05,0.445,2036,23,primary_apical_trunk,4
2038,4,-81.05,77.5,-10.64,0.445,2037,23,primary_apical_trunk,4
2039,4,-81.62,79.01,-10.68,0.445,2038,23,primary_apical_trunk,4
2040,4,-82.09,80.4,-10.93,0.445,2039,23,primary_apical_trunk,4
2041,4,-82.09,82.05,-11.18,0.445,2040,23,primary_apical_trunk,4
2042,4,-82.14,83.47,-11.34,0.445,2041,23,primary_apical_trunk,4
2043,4,-82.72,84.81,-11.59,0.445,2042,23,primary_apical_trunk,4
2044,4,-82.63,86.16,-11.8,0.445,2043,23,primary_apical_trunk,4
2045,4,-83.03,87.5,-11.89,0.445,2044,23,primary_apical_trunk,4
2046,4,-83.21,88.83,-12.14,0.445,2045,23,primary_apical_trunk,4
2047,4,-83.49,90.11,-12.25,0.445,2046,23,primary_apical_trunk,4
2048,4,-83.45,90.19,-12.3,0.445,2047,23,primary_apical_trunk,4
2049,4,-83.76,91.42,-12.3,0.445,2048,23,primary_apical_trunk,4
2050,4,-83.98,92.65,-11.8,0.445,2049,23,primary_apical_trunk,4
2051,4,-84.0,93.81,-11.93,0.445,2050,23,primary_apical_trunk,4
2052,4,-84.08,95.49,-12.05,0.445,2051,23,primary_apical_trunk,4
2053,4,-84.52,96.77,-12.09,0.445,2052,23,primary_apical_trunk,4
2054,4,-84.55,96.88,-12.09,0.445,2053,23,primary_apical_trunk,4
2055,4,-85.02,98.27,-12.18,0.445,2054,23,primary_apical_trunk,4
2056,4,-85.05,98.37,-12.25,0.445,2055,23,primary_apical_trunk,4
2057,4,-85.16,99.77,-12.43,0.445,2056,23,primary_apical_trunk,4
2058,4,-85.48,101.17,-12.89,0.445,2057,23,primary_apical_trunk,4
2059,4,-85.53,103.07,-13.0,0.445,2058,23,primary_apical_trunk,4
2060,4,-85.49,103.17,-12.93,0.445,2059,23,primary_apical_trunk,4
2061,4,-85.72,104.67,-13.05,0.445,2060,23,primary_apical_trunk,4
2062,4,-86.29,106.37,-13.18,0.445,2061,23,primary_apical_trunk,4
2063,4,-86.33,107.67,-13.43,0.445,2062,23,primary_apical_trunk,4
2064,4,-86.37,107.77,-13.5,0.445,2063,23,primary_apical_trunk,4
2065,4,-86.79,109.27,-13.68,0.445,2064,23,primary_apical_trunk,4
2066,4,-86.8,111.17,-13.8,0.445,2065,23,primary_apical_trunk,4
2067,4,-86.9,111.17,-13.8,0.445,2066,23,primary_apical_trunk,4
2068,4,-86.87,112.77,-14.05,0.445,2067,23,primary_apical_trunk,4
2069,4,-87.14,114.17,-14.3,0.405,2068,23,primary_apical_trunk,4
2070,4,-87.36,115.77,-14.5,0.405,2069,23,primary_apical_trunk,4
2071,4,-87.39,115.87,-14.55,0.405,2070,23,primary_apical_trunk,4
2072,4,-87.63,117.37,-14.68,0.405,2071,23,primary_apical_trunk,4
2073,4,-87.88,118.87,-15.18,0.48,2072,23,primary_apical_trunk,4
2074,4,-87.86,120.47,-15.3,0.48,2073,23,primary_apical_trunk,4
2075,4,-87.9,120.57,-15.3,0.48,2074,23,primary_apical_trunk,4
2076,4,-88.09,122.17,-15.34,0.48,2075,23,primary_apical_trunk,4
2077,4,-87.94,123.77,-15.89,0.48,2076,23,primary_apical_trunk,4
2078,4,-87.94,123.77,-16.0,0.48,2077,23,primary_apical_trunk,4
2079,4,-88.3,125.17,-14.8,0.48,2078,23,primary_apical_trunk,4
2080,4,-88.37,125.37,-14.75,0.48,2079,23,primary_apical_trunk,4
2081,4,-88.62,126.57,-14.64,0.48,2080,23,primary_apical_trunk,4
2082,4,-88.79,127.87,-14.55,0.48,2081,23,primary_apical_trunk,4
2083,4,-88.83,127.97,-14.5,0.48,2082,23,primary_apical_trunk,4
2084,4,-89.21,129.37,-14.43,0.48,2083,23,primary_apical_trunk,4
2085,4,-89.27,130.47,-14.39,0.48,2084,23,primary_apical_trunk,4
2086,4,-89.6,131.57,-14.34,0.48,2085,23,primary_apical_trunk,4
2087,4,-89.7,133.27,-15.18,0.445,2086,23,primary_apical_trunk,4
2088,4,-90.2,134.77,-15.25,0.445,2087,23,primary_apical_trunk,4
2089,4,-90.3,136.47,-15.3,0.445,2088,23,primary_apical_trunk,4
2090,4,-90.5,138.17,-15.34,0.445,2089,23,primary_apical_trunk,4
2091,4,-90.9,139.57,-15.39,0.445,2090,23,primary_apical_trunk,4
2092,4,-91.0,139.77,-15.39,0.445,2091,23,primary_apical_trunk,4
2093,4,-91.3,140.97,-15.43,0.445,2092,23,primary_apical_trunk,4
2094,4,-91.6,142.37,-15.5,0.445,2093,23,primary_apical_trunk,4
2095,4,-91.7,144.47,-15.59,0.445,2094,23,primary_apical_trunk,4
2096,4,-92.3,146.47,-15.8,0.445,2095,23,primary_apical_trunk,4
2097,4,-92.3,146.67,-15.8,0.445,2096,23,primary_apical_trunk,4
2098,4,-92.6,147.97,-15.8,0.445,2097,23,primary_apical_trunk,4
2099,4,-92.6,148.97,-15.89,0.445,2098,23,primary_apical_trunk,4
2100,4,-92.6,149.07,-15.89,0.445,2099,23,primary_apical_trunk,4
2101,4,-92.9,150.47,-15.89,0.445,2100,23,primary_apical_trunk,4
2102,4,-93.1,151.87,-15.93,0.445,2101,23,primary_apical_trunk,4
2103,4,-93.4,152.97,-16.18,0.445,2102,23,primary_apical_trunk,4
2104,4,-93.6,154.57,-16.35,0.445,2103,23,primary_apical_trunk,4
2105,4,-93.7,156.17,-16.37,0.445,2104,23,primary_apical_trunk,4
2106,4,-94.2,157.67,-16.44,0.445,2105,23,primary_apical_trunk,4
2107,4,-94.3,157.67,-16.44,0.445,2106,23,primary_apical_trunk,4
2108,4,-94.4,159.27,-16.44,0.445,2107,23,primary_apical_trunk,4
2109,4,-94.8,160.97,-16.5,0.445,2108,23,primary_apical_trunk,4
2110,4,-94.7,161.17,-16.5,0.445,2109,23,primary_apical_trunk,4
2111,4,-94.8,162.47,-16.5,0.445,2110,23,primary_apical_trunk,4
2112,4,-95.1,163.67,-16.6,0.445,2111,23,primary_apical_trunk,4
2113,4,-95.1,163.77,-16.62,0.445,2112,23,primary_apical_trunk,4
2114,4,-95.3,165.17,-16.69,0.445,2113,23,primary_apical_trunk,4
2115,4,-95.5,166.37,-16.78,0.445,2114,23,primary_apical_trunk,4
2116,4,-95.9,167.67,-16.85,0.445,2115,23,primary_apical_trunk,4
2117,4,-96.1,169.17,-16.85,0.405,2116,23,primary_apical_trunk,4
2118,4,-96.1,169.77,-16.85,0.405,2117,23,primary_apical_trunk,4
2119,4,-96.4,170.87,-16.87,0.405,2118,23,primary_apical_trunk,4
2120,4,-96.4,172.07,-17.35,0.405,2119,23,primary_apical_trunk,4
2121,4,-96.5,173.57,-17.35,0.405,2120,23,primary_apical_trunk,4
2122,4,-96.9,175.27,-17.85,0.405,2121,23,primary_apical_trunk,4
2123,4,-96.9,175.47,-17.85,0.405,2122,23,primary_apical_trunk,4
2124,4,-97.3,176.57,-17.94,0.405,2123,23,primary_apical_trunk,4
2125,4,-97.3,176.67,-17.94,0.405,2124,23,primary_apical_trunk,4
2126,4,-97.6,177.67,-18.0,0.405,2125,23,primary_apical_trunk,4
2127,4,-97.6,177.67,-18.0,0.37,2126,24,primary_apical_trunk,4
2128,4,-98.0,178.77,-18.0,0.37,2127,24,primary_apical_trunk,4
2129,4,-98.7,179.97,-17.5,0.335,2128,24,primary_apical_trunk,4
2130,4,-99.5,181.37,-17.44,0.335,2129,24,primary_apical_trunk,4
2131,4,-100.1,182.47,-17.37,0.335,2130,24,primary_apical_trunk,4
2132,4,-100.1,182.57,-17.37,0.335,2131,24,primary_apical_trunk,4
2133,4,-100.7,183.97,-17.35,0.335,2132,24,primary_apical_trunk,4
2134,4,-100.8,184.07,-17.35,0.335,2133,24,primary_apical_trunk,4
2135,4,-101.7,185.37,-17.35,0.335,2134,24,primary_apical_trunk,4
2136,4,-102.7,186.77,-17.35,0.335,2135,24,primary_apical_trunk,4
2137,4,-103.9,188.07,-17.28,0.335,2136,24,primary_apical_trunk,4
2138,4,-104.6,189.17,-17.28,0.335,2137,24,primary_apical_trunk,4
2139,4,-105.4,190.37,-17.25,0.335,2138,24,primary_apical_trunk,4
2140,4,-106.0,192.07,-17.25,0.335,2139,24,primary_apical_trunk,4
2141,4,-106.7,193.37,-17.25,0.335,2140,24,primary_apical_trunk,4
2142,4,-106.7,193.47,-17.19,0.335,2141,24,primary_apical_trunk,4
2143,4,-107.8,195.17,-17.19,0.335,2142,24,primary_apical_trunk,4
2144,4,-108.8,196.47,-17.1,0.335,2143,24,primary_apical_trunk,4
2145,4,-110.2,198.07,-17.1,0.335,2144,24,primary_apical_trunk,4
2146,4,-111.4,199.47,-16.94,0.335,2145,24,primary_apical_trunk,4
2147,4,-112.3,200.87,-16.94,0.335,2146,24,primary_apical_trunk,4
2148,4,-113.1,201.97,-16.87,0.335,2147,24,primary_apical_trunk,4
2149,4,-114.5,202.97,-16.85,0.335,2148,24,primary_apical_trunk,4
2150,4,-115.3,204.47,-16.85,0.335,2149,24,primary_apical_trunk,4
2151,4,-115.3,204.57,-16.85,0.335,2150,24,primary_apical_trunk,4
2152,4,-116.5,206.07,-16.85,0.335,2151,24,primary_apical_trunk,4
2153,4,-117.1,207.37,-16.78,0.335,2152,24,primary_apical_trunk,4
2154,4,-118.1,209.37,-16.75,0.335,2153,24,primary_apical_trunk,4
2155,4,-118.1,209.17,-16.75,0.335,2154,24,primary_apical_trunk,4
2156,4,-118.7,210.77,-16.62,0.295,2155,24,primary_apical_trunk,4
2157,4,-120.0,212.17,-16.6,0.295,2156,24,primary_apical_trunk,4
2158,4,-120.6,213.17,-17.19,0.295,2157,24,primary_apical_trunk,4
2159,4,-121.6,214.37,-17.44,0.295,2158,24,primary_apical_trunk,4
2160,4,-122.4,215.07,-17.35,0.295,2159,24,primary_apical_trunk,4
2161,4,-123.2,215.97,-17.37,0.295,2160,24,primary_apical_trunk,4
2162,4,-124.0,217.07,-17.37,0.295,2161,24,primary_apical_trunk,4
2163,4,-124.6,217.97,-16.75,0.26,2162,24,primary_apical_trunk,4
2164,4,-125.2,218.77,-16.62,0.26,2163,24,primary_apical_trunk,4
2165,4,-126.1,219.77,-17.25,0.335,2164,24,primary_apical_trunk,4
2166,4,-127.1,220.97,-17.35,0.335,2165,24,primary_apical_trunk,4
2167,4,-127.8,221.87,-17.44,0.335,2166,24,primary_apical_trunk,4
2168,4,-128.3,222.77,-17.53,0.335,2167,24,primary_apical_trunk,4
2169,4,-129.3,224.37,-17.62,0.335,2168,24,primary_apical_trunk,4
2170,4,-130.1,225.87,-17.69,0.335,2169,24,primary_apical_trunk,4
2171,4,-130.9,227.37,-17.75,0.335,2170,24,primary_apical_trunk,4
2172,4,-131.4,228.47,-17.75,0.335,2171,24,primary_apical_trunk,4
2173,4,-131.6,229.27,-18.0,0.335,2172,24,primary_apical_trunk,4
2174,4,-131.6,229.37,-18.03,0.335,2173,24,primary_apical_trunk,4
2175,4,-131.9,230.67,-18.35,0.335,2174,24,primary_apical_trunk,4
2176,4,-132.4,232.27,-18.6,0.335,2175,24,primary_apical_trunk,4
2177,4,-133.1,233.97,-19.37,0.295,2176,24,primary_apical_trunk,4
2178,4,-134.3,234.97,-19.69,0.295,2177,24,primary_apical_trunk,4
2179,4,-134.5,236.97,-18.28,0.295,2178,24,primary_apical_trunk,4
2180,4,-134.8,237.47,-18.28,0.295,2179,24,primary_apical_trunk,4
2181,4,-135.2,238.27,-18.28,0.295,2180,24,primary_apical_trunk,4
2182,4,-135.6,239.37,-17.53,0.295,2181,24,primary_apical_trunk,4
2183,4,-135.71,239.57,-17.6,0.295,2182,24,primary_apical_trunk,4
2184,4,-136.31,240.77,-17.75,0.295,2183,24,primary_apical_trunk,4
2185,4,-137.31,241.87,-18.25,0.295,2184,24,primary_apical_trunk,4
2186,4,-137.51,241.87,-18.25,0.295,2185,24,primary_apical_trunk,4
2187,4,-138.41,242.47,-17.03,0.295,2186,24,primary_apical_trunk,4
2188,4,-139.81,243.47,-16.85,0.37,2187,24,primary_apical_trunk,4
2189,4,-141.11,244.97,-16.75,0.37,2188,24,primary_apical_trunk,4
2190,4,-142.11,246.37,-16.62,0.37,2189,24,primary_apical_trunk,4
2191,4,-143.01,247.67,-16.78,0.37,2190,24,primary_apical_trunk,4
2192,4,-144.21,249.37,-16.85,0.37,2191,24,primary_apical_trunk,4
2193,4,-145.11,250.57,-16.85,0.37,2192,24,primary_apical_trunk,4
2194,4,-146.31,252.27,-16.85,0.37,2193,24,primary_apical_trunk,4
2195,4,-146.51,252.37,-16.85,0.37,2194,24,primary_apical_trunk,4
2196,4,-147.11,253.77,-16.85,0.37,2195,24,primary_apical_trunk,4
2197,4,-147.51,254.37,-16.85,0.37,2196,24,primary_apical_trunk,4
2198,4,-147.71,254.57,-16.85,0.37,2197,24,primary_apical_trunk,4
2199,4,-148.81,255.37,-16.37,0.37,2198,24,primary_apical_trunk,4
2200,4,-149.91,256.67,-16.3,0.37,2199,24,primary_apical_trunk,4
2201,4,-150.11,256.67,-16.3,0.37,2200,24,primary_apical_trunk,4
2202,4,-150.21,257.77,-16.25,0.37,2201,24,primary_apical_trunk,4
2203,4,-150.31,257.97,-16.25,0.37,2202,24,primary_apical_trunk,4
2204,4,-150.31,259.07,-16.25,0.37,2203,24,primary_apical_trunk,4
2205,4,-150.41,259.17,-16.25,0.37,2204,24,primary_apical_trunk,4
2206,4,-150.61,260.27,-16.25,0.37,2205,24,primary_apical_trunk,4
2207,4,-150.61,260.37,-16.18,0.37,2206,24,primary_apical_trunk,4
2208,4,-150.81,261.37,-16.18,0.37,2207,24,primary_apical_trunk,4
2209,4,-151.21,262.57,-16.18,0.295,2208,24,primary_apical_trunk,4
2210,4,-151.71,263.97,-16.18,0.295,2209,24,primary_apical_trunk,4
2211,4,-152.31,265.07,-16.18,0.295,2210,24,primary_apical_trunk,4
2212,4,-153.01,266.57,-16.18,0.295,2211,24,primary_apical_trunk,4
2213,4,-154.01,266.97,-15.8,0.295,2212,24,primary_apical_trunk,4
2214,4,-154.21,267.07,-15.8,0.295,2213,24,primary_apical_trunk,4
2215,4,-154.81,267.57,-15.75,0.295,2214,24,primary_apical_trunk,4
2216,4,-154.91,267.67,-15.75,0.295,2215,24,primary_apical_trunk,4
2217,4,-155.21,268.77,-15.8,0.295,2216,24,primary_apical_trunk,4
2218,4,-155.81,270.47,-16.0,0.295,2217,24,primary_apical_trunk,4
2219,4,-155.81,270.57,-16.0,0.295,2218,24,primary_apical_trunk,4
2220,4,-156.01,271.97,-16.05,0.295,2219,24,primary_apical_trunk,4
2221,4,-156.11,272.07,-16.05,0.295,2220,24,primary_apical_trunk,4
2222,4,-156.31,273.27,-16.14,0.295,2221,24,primary_apical_trunk,4
2223,4,-156.61,274.87,-16.25,0.295,2222,24,primary_apical_trunk,4
2224,4,-156.61,274.97,-16.3,0.295,2223,24,primary_apical_trunk,4
2225,4,-157.01,276.37,-16.37,0.295,2224,24,primary_apical_trunk,4
2226,4,-157.11,276.47,-16.44,0.295,2225,24,primary_apical_trunk,4
2227,4,-158.01,277.47,-16.5,0.295,2226,24,primary_apical_trunk,4
2228,4,-158.21,277.77,-16.5,0.295,2227,24,primary_apical_trunk,4
2229,4,-159.11,279.27,-16.53,0.295,2228,24,primary_apical_trunk,4
2230,4,-159.11,279.37,-16.53,0.295,2229,24,primary_apical_trunk,4
2231,4,-159.71,280.57,-16.6,0.295,2230,24,primary_apical_trunk,4
2232,4,-159.81,280.57,-16.6,0.295,2231,24,primary_apical_trunk,4
2233,4,-160.11,282.27,-16.62,0.295,2232,24,primary_apical_trunk,4
2234,4,-160.01,282.47,-16.62,0.295,2233,24,primary_apical_trunk,4
2235,4,-160.51,284.07,-16.62,0.295,2234,24,primary_apical_trunk,4
2236,4,-161.41,285.47,-16.62,0.295,2235,24,primary_apical_trunk,4
2237,4,-161.41,285.67,-16.62,0.295,2236,24,primary_apical_trunk,4
2238,4,-162.41,287.17,-16.69,0.295,2237,24,primary_apical_trunk,4
2239,4,-162.61,287.27,-16.75,0.295,2238,24,primary_apical_trunk,4
2240,4,-162.91,288.77,-16.78,0.295,2239,24,primary_apical_trunk,4
2241,4,-162.91,290.37,-15.93,0.295,2240,24,primary_apical_trunk,4
2242,4,-162.81,290.47,-15.89,0.295,2241,24,primary_apical_trunk,4
2243,4,-163.01,291.57,-15.85,0.295,2242,24,primary_apical_trunk,4
2244,4,-163.21,291.67,-15.85,0.295,2243,24,primary_apical_trunk,4
2245,4,-163.91,292.37,-15.89,0.295,2244,24,primary_apical_trunk,4
2246,4,-164.71,293.57,-16.05,0.295,2245,24,primary_apical_trunk,4
2247,4,-165.31,294.67,-16.14,0.295,2246,24,primary_apical_trunk,4
2248,4,-166.31,296.47,-16.37,0.26,2247,24,primary_apical_trunk,4
2249,4,-167.21,297.67,-16.44,0.26,2248,24,primary_apical_trunk,4
2250,4,-167.81,298.97,-16.44,0.26,2249,24,primary_apical_trunk,4
2251,4,-167.81,299.07,-16.44,0.26,2250,24,primary_apical_trunk,4
2252,4,-168.41,300.17,-16.5,0.26,2251,24,primary_apical_trunk,4
2253,4,-168.51,300.47,-16.5,0.26,2252,24,primary_apical_trunk,4
2254,4,-168.81,301.57,-16.5,0.26,2253,24,primary_apical_trunk,4
2255,4,-168.91,301.77,-16.5,0.26,2254,24,primary_apical_trunk,4
2256,4,-169.31,302.77,-16.5,0.26,2255,24,primary_apical_trunk,4
2257,4,-169.31,302.87,-16.5,0.26,2256,24,primary_apical_trunk,4
2258,4,-170.11,303.97,-16.5,0.26,2257,24,primary_apical_trunk,4
2259,4,-171.31,305.67,-16.62,0.26,2258,24,primary_apical_trunk,4
2260,4,-172.41,307.57,-16.69,0.26,2259,24,primary_apical_trunk,4
2261,4,-172.71,308.97,-16.69,0.26,2260,24,primary_apical_trunk,4
2262,4,-172.91,310.27,-16.75,0.26,2261,24,primary_apical_trunk,4
2263,4,-173.11,311.47,-16.75,0.22,2262,24,primary_apical_trunk,4
2264,4,-173.11,311.57,-16.75,0.22,2263,24,primary_apical_trunk,4
2265,4,-173.31,312.87,-16.75,0.22,2264,24,primary_apical_trunk,4
2266,4,-173.51,314.27,-16.75,0.22,2265,24,primary_apical_trunk,4
2267,4,-174.31,315.67,-16.78,0.22,2266,24,primary_apical_trunk,4
2268,4,-174.71,316.77,-16.78,0.22,2267,24,primary_apical_trunk,4
2269,4,-175.01,318.17,-16.85,0.22,2268,24,primary_apical_trunk,4
2270,4,-175.11,319.67,-16.85,0.22,2269,24,primary_apical_trunk,4
2271,4,-175.81,321.77,-16.87,0.22,2270,24,primary_apical_trunk,4
2272,4,-176.31,323.37,-16.87,0.22,2271,24,primary_apical_trunk,4
2273,4,-176.51,324.67,-16.87,0.22,2272,24,primary_apical_trunk,4
2274,4,-177.11,325.67,-16.87,0.22,2273,24,primary_apical_trunk,4
2275,4,-178.41,326.77,-16.18,0.185,2274,24,primary_apical_trunk,4
2276,4,-179.01,328.17,-16.14,0.185,2275,24,primary_apical_trunk,4
2277,4,-179.01,328.27,-16.1,0.185,2276,24,primary_apical_trunk,4
2278,4,-179.11,329.97,-16.05,0.185,2277,24,primary_apical_trunk,4
2279,4,-179.61,331.77,-16.0,0.185,2278,24,primary_apical_trunk,4
2280,4,-180.31,332.97,-16.0,0.185,2279,24,primary_apical_trunk,4
2281,4,-180.41,333.17,-16.0,0.185,2280,24,primary_apical_trunk,4
2282,4,-180.51,334.17,-16.0,0.185,2281,24,primary_apical_trunk,4
2283,4,-180.61,335.57,-15.93,0.185,2282,24,primary_apical_trunk,4
2284,4,-180.71,335.67,-15.93,0.185,2283,24,primary_apical_trunk,4
2285,4,-180.71,336.97,-15.93,0.185,2284,24,primary_apical_trunk,4
2286,4,-180.61,338.07,-15.93,0.185,2285,24,primary_apical_trunk,4
2287,4,-181.41,339.67,-15.68,0.185,2286,24,primary_apical_trunk,4
2288,4,-181.91,340.97,-15.64,0.185,2287,24,primary_apical_trunk,4
2289,4,-182.51,341.97,-15.68,0.185,2288,24,primary_apical_trunk,4
2290,4,-183.21,342.67,-15.68,0.185,2289,24,primary_apical_trunk,4
2291,4,-183.81,343.47,-15.75,0.185,2290,24,primary_apical_trunk,4
2292,4,-184.21,344.47,-15.89,0.185,2291,24,primary_apical_trunk,4
2293,4,-184.31,345.37,-16.05,0.185,2292,24,primary_apical_trunk,4
2294,4,-184.31,346.57,-16.18,0.185,2293,24,primary_apical_trunk,4
2295,4,-184.31,346.67,-16.25,0.185,2294,24,primary_apical_trunk,4
2296,4,-184.31,347.77,-16.3,0.185,2295,24,primary_apical_trunk,4
2297,4,-184.31,348.07,-16.3,0.185,2296,24,primary_apical_trunk,4
2298,4,-184.11,348.97,-16.35,0.185,2297,24,primary_apical_trunk,4
2299,4,-184.11,349.07,-16.35,0.185,2298,24,primary_apical_trunk,4
2300,4,-184.21,349.87,-16.37,0.185,2299,24,primary_apical_trunk,4
2301,4,-184.41,349.97,-16.37,0.185,2300,24,primary_apical_trunk,4
2302,4,-185.11,350.47,-16.37,0.185,2301,24,primary_apical_trunk,4
2303,4,-186.21,351.27,-16.6,0.185,2302,24,primary_apical_trunk,4
2304,4,-187.11,352.27,-16.62,0.185,2303,24,primary_apical_trunk,4
2305,4,-187.81,353.27,-16.62,0.185,2304,24,primary_apical_trunk,4
2306,4,-187.81,353.47,-16.62,0.185,2305,24,primary_apical_trunk,4
2307,4,-188.21,354.17,-16.69,0.185,2306,24,primary_apical_trunk,4
2308,4,-188.51,355.27,-16.69,0.185,2307,24,primary_apical_trunk,4
2309,4,-188.71,356.27,-16.69,0.185,2308,24,primary_apical_trunk,4
2310,4,-188.91,357.37,-16.75,0.185,2309,24,primary_apical_trunk,4
2311,4,-189.11,358.47,-16.78,0.15,2310,24,primary_apical_trunk,4
2312,4,-189.81,359.77,-16.78,0.15,2311,24,primary_apical_trunk,4
2313,4,-190.71,361.07,-16.85,0.15,2312,24,primary_apical_trunk,4
2314,4,-190.51,362.57,-16.85,0.15,2313,24,primary_apical_trunk,4
2315,4,-190.41,362.77,-16.85,0.15,2314,24,primary_apical_trunk,4
2316,4,-190.31,364.17,-16.85,0.15,2315,24,primary_apical_trunk,4
2317,4,-190.31,364.47,-16.85,0.15,2316,24,primary_apical_trunk,4
2318,4,-190.11,365.67,-16.85,0.15,2317,24,primary_apical_trunk,4
2319,4,-97.6,177.67,-18.0,0.26,2126,25,primary_apical_trunk,4
2320,4,-97.6,178.97,-17.75,0.26,2319,25,primary_apical_trunk,4
2321,4,-97.7,180.57,-17.25,0.26,2320,25,primary_apical_trunk,4
2322,4,-97.8,180.57,-17.16,0.26,2321,25,primary_apical_trunk,4
2323,4,-98.0,181.97,-17.0,0.26,2322,25,primary_apical_trunk,4
2324,4,-98.5,183.67,-16.82,0.26,2323,25,primary_apical_trunk,4
2325,4,-98.5,183.77,-16.75,0.26,2324,25,primary_apical_trunk,4
2326,4,-98.7,185.17,-17.23,0.26,2325,25,primary_apical_trunk,4
2327,4,-98.4,186.47,-17.41,0.26,2326,25,primary_apical_trunk,4
2328,4,-98.6,187.87,-17.48,0.26,2327,25,primary_apical_trunk,4
2329,4,-98.5,189.27,-17.57,0.26,2328,25,primary_apical_trunk,4
2330,4,-98.6,189.37,-17.57,0.26,2329,25,primary_apical_trunk,4
2331,4,-98.6,190.87,-17.63,0.26,2330,25,primary_apical_trunk,4
2332,4,-98.6,192.57,-17.66,0.26,2331,25,primary_apical_trunk,4
2333,4,-98.8,194.17,-17.75,0.26,2332,25,primary_apical_trunk,4
2334,4,-98.8,194.37,-17.75,0.26,2333,25,primary_apical_trunk,4
2335,4,-98.8,195.67,-17.82,0.26,2334,25,primary_apical_trunk,4
2336,4,-98.8,196.67,-17.88,0.26,2335,25,primary_apical_trunk,4
2337,4,-98.9,196.77,-17.91,0.26,2336,25,primary_apical_trunk,4
2338,4,-98.8,198.07,-17.98,0.26,2337,25,primary_apical_trunk,4
2339,4,-98.9,198.47,-17.98,0.26,2338,25,primary_apical_trunk,4
2340,4,-98.7,199.67,-18.13,0.26,2339,25,primary_apical_trunk,4
2341,4,-98.8,201.27,-18.16,0.26,2340,25,primary_apical_trunk,4
2342,4,-98.7,202.57,-18.23,0.26,2341,25,primary_apical_trunk,4
2343,4,-98.8,203.77,-18.23,0.26,2342,25,primary_apical_trunk,4
2344,4,-99.0,205.07,-18.25,0.26,2343,25,primary_apical_trunk,4
2345,4,-99.4,206.37,-18.32,0.26,2344,25,primary_apical_trunk,4
2346,4,-99.5,207.87,-18.57,0.26,2345,25,primary_apical_trunk,4
2347,4,-99.5,207.97,-18.57,0.26,2346,25,primary_apical_trunk,4
2348,4,-99.5,209.17,-18.75,0.26,2347,25,primary_apical_trunk,4
2349,4,-99.6,209.27,-18.82,0.26,2348,25,primary_apical_trunk,4
2350,4,-99.8,210.67,-18.91,0.26,2349,25,primary_apical_trunk,4
2351,4,-99.8,210.87,-18.98,0.26,2350,25,primary_apical_trunk,4
2352,4,-99.5,212.27,-18.98,0.26,2351,25,primary_apical_trunk,4
2353,4,-99.7,213.57,-19.0,0.26,2352,25,primary_apical_trunk,4
2354,4,-99.9,214.87,-19.48,0.26,2353,25,primary_apical_trunk,4
2355,4,-99.7,216.47,-19.25,0.26,2354,25,primary_apical_trunk,4
2356,4,-99.8,217.87,-19.16,0.26,2355,25,primary_apical_trunk,4
2357,4,-99.9,218.77,-19.0,0.26,2356,25,primary_apical_trunk,4
2358,4,-99.5,220.07,-18.91,0.26,2357,25,primary_apical_trunk,4
2359,4,-99.6,220.27,-18.88,0.26,2358,25,primary_apical_trunk,4
2360,4,-99.4,221.77,-18.82,0.26,2359,25,primary_apical_trunk,4
2361,4,-99.4,223.27,-18.75,0.26,2360,25,primary_apical_trunk,4
2362,4,-99.5,224.87,-18.91,0.22,2361,25,primary_apical_trunk,4
2363,4,-99.4,226.97,-18.91,0.22,2362,25,primary_apical_trunk,4
2364,4,-99.4,227.07,-18.91,0.22,2363,25,primary_apical_trunk,4
2365,4,-99.2,228.47,-18.98,0.22,2364,25,primary_apical_trunk,4
2366,4,-99.3,229.87,-18.98,0.22,2365,25,primary_apical_trunk,4
2367,4,-99.3,229.67,-18.98,0.22,2366,25,primary_apical_trunk,4
2368,4,-99.3,231.07,-19.07,0.26,2367,25,primary_apical_trunk,4
2369,4,-99.4,232.77,-19.07,0.26,2368,25,primary_apical_trunk,4
2370,4,-99.5,232.87,-19.07,0.26,2369,25,primary_apical_trunk,4
2371,4,-99.6,234.17,-19.13,0.26,2370,25,primary_apical_trunk,4
2372,4,-99.7,235.67,-19.13,0.26,2371,25,primary_apical_trunk,4
2373,4,-100.0,237.07,-19.16,0.26,2372,25,primary_apical_trunk,4
2374,4,-100.3,238.27,-19.25,0.26,2373,25,primary_apical_trunk,4
2375,4,-100.2,239.57,-19.66,0.26,2374,25,primary_apical_trunk,4
2376,4,-100.21,240.97,-19.88,0.26,2375,25,primary_apical_trunk,4
2377,4,-100.01,242.67,-19.98,0.26,2376,25,primary_apical_trunk,4
2378,4,-100.11,243.97,-19.66,0.26,2377,25,primary_apical_trunk,4
2379,4,-100.21,245.57,-19.5,0.26,2378,25,primary_apical_trunk,4
2380,4,-100.41,247.07,-19.48,0.26,2379,25,primary_apical_trunk,4
2381,4,-100.41,248.27,-19.48,0.26,2380,25,primary_apical_trunk,4
2382,4,-100.51,248.37,-19.48,0.26,2381,25,primary_apical_trunk,4
2383,4,-100.51,249.07,-19.48,0.26,2382,25,primary_apical_trunk,4
2384,4,-100.51,249.17,-19.48,0.26,2383,25,primary_apical_trunk,4
2385,4,-100.61,250.27,-19.48,0.26,2384,25,primary_apical_trunk,4
2386,4,-100.31,251.67,-20.07,0.26,2385,25,primary_apical_trunk,4
2387,4,-100.31,251.77,-20.16,0.26,2386,25,primary_apical_trunk,4
2388,4,-100.31,252.97,-20.38,0.26,2387,25,primary_apical_trunk,4
2389,4,-100.31,253.17,-20.41,0.26,2388,25,primary_apical_trunk,4
2390,4,-100.31,254.77,-20.41,0.26,2389,25,primary_apical_trunk,4
2391,4,-100.61,256.27,-20.63,0.26,2390,25,primary_apical_trunk,4
2392,4,-100.51,256.47,-20.63,0.26,2391,25,primary_apical_trunk,4
2393,4,-100.51,257.97,-20.82,0.26,2392,25,primary_apical_trunk,4
2394,4,-100.21,259.37,-21.0,0.26,2393,25,primary_apical_trunk,4
2395,4,-100.31,261.17,-21.07,0.26,2394,25,primary_apical_trunk,4
2396,4,-100.61,262.07,-21.38,0.26,2395,25,primary_apical_trunk,4
2397,4,-100.71,263.67,-20.32,0.26,2396,25,primary_apical_trunk,4
2398,4,-100.71,263.77,-20.25,0.26,2397,25,primary_apical_trunk,4
2399,4,-100.61,265.17,-20.16,0.26,2398,25,primary_apical_trunk,4
2400,4,-100.61,266.27,-20.07,0.26,2399,25,primary_apical_trunk,4
2401,4,-100.81,267.77,-20.07,0.26,2400,25,primary_apical_trunk,4
2402,4,-100.71,268.67,-20.23,0.26,2401,25,primary_apical_trunk,4
2403,4,-100.71,268.77,-20.25,0.26,2402,25,primary_apical_trunk,4
2404,4,-100.61,270.47,-20.38,0.26,2403,25,primary_apical_trunk,4
2405,4,-100.61,271.87,-20.41,0.26,2404,25,primary_apical_trunk,4
2406,4,-100.81,273.77,-20.5,0.26,2405,25,primary_apical_trunk,4
2407,4,-100.81,274.07,-20.5,0.26,2406,25,primary_apical_trunk,4
2408,4,-100.71,275.57,-20.5,0.26,2407,25,primary_apical_trunk,4
2409,4,-100.91,276.97,-20.5,0.26,2408,25,primary_apical_trunk,4
2410,4,-100.91,277.07,-20.5,0.26,2409,25,primary_apical_trunk,4
2411,4,-101.21,278.37,-20.57,0.26,2410,25,primary_apical_trunk,4
2412,4,-101.31,278.47,-20.57,0.26,2411,25,primary_apical_trunk,4
2413,4,-101.61,279.67,-20.57,0.26,2412,25,primary_apical_trunk,4
2414,4,-101.71,281.37,-20.57,0.26,2413,25,primary_apical_trunk,4
2415,4,-101.71,281.47,-20.57,0.26,2414,25,primary_apical_trunk,4
2416,4,-101.91,282.67,-20.57,0.26,2415,25,primary_apical_trunk,4
2417,4,-101.91,282.87,-20.57,0.26,2416,25,primary_apical_trunk,4
2418,4,-101.91,283.67,-20.57,0.26,2417,25,primary_apical_trunk,4
2419,4,-102.21,284.47,-20.63,0.26,2418,25,primary_apical_trunk,4
2420,4,-102.91,286.27,-20.82,0.26,2419,25,primary_apical_trunk,4
2421,4,-103.61,287.67,-20.88,0.26,2420,25,primary_apical_trunk,4
2422,4,-103.91,289.17,-19.13,0.26,2421,25,primary_apical_trunk,4
2423,4,-104.31,290.67,-19.07,0.26,2422,25,primary_apical_trunk,4
2424,4,-104.51,292.17,-19.13,0.26,2423,25,primary_apical_trunk,4
2425,4,-104.51,293.67,-19.23,0.26,2424,25,primary_apical_trunk,4
2426,4,-104.81,294.87,-19.41,0.26,2425,25,primary_apical_trunk,4
2427,4,-104.91,296.17,-19.57,0.26,2426,25,primary_apical_trunk,4
2428,4,-104.91,297.57,-19.82,0.26,2427,25,primary_apical_trunk,4
2429,4,-104.91,297.67,-19.88,0.26,2428,25,primary_apical_trunk,4
2430,4,-104.91,299.37,-20.13,0.26,2429,25,primary_apical_trunk,4
2431,4,-105.31,301.07,-20.25,0.26,2430,25,primary_apical_trunk,4
2432,4,-105.41,302.67,-20.38,0.26,2431,25,primary_apical_trunk,4
2433,4,-105.61,304.07,-20.38,0.26,2432,25,primary_apical_trunk,4
2434,4,-105.61,304.27,-20.38,0.26,2433,25,primary_apical_trunk,4
2435,4,-105.71,305.67,-20.41,0.26,2434,25,primary_apical_trunk,4
2436,4,-105.61,305.77,-20.41,0.26,2435,25,primary_apical_trunk,4
2437,4,-105.71,307.47,-20.41,0.26,2436,25,primary_apical_trunk,4
2438,4,-105.51,309.47,-20.48,0.26,2437,25,primary_apical_trunk,4
2439,4,-105.61,309.57,-20.48,0.26,2438,25,primary_apical_trunk,4
2440,4,-105.61,310.97,-20.5,0.26,2439,25,primary_apical_trunk,4
2441,4,-105.61,311.17,-20.5,0.26,2440,25,primary_apical_trunk,4
2442,4,-105.41,312.57,-20.66,0.26,2441,25,primary_apical_trunk,4
2443,4,-105.11,313.97,-20.73,0.26,2442,25,primary_apical_trunk,4
2444,4,-105.11,314.27,-20.73,0.26,2443,25,primary_apical_trunk,4
2445,4,-104.71,315.87,-20.73,0.26,2444,25,primary_apical_trunk,4
2446,4,-104.81,315.97,-20.73,0.26,2445,25,primary_apical_trunk,4
2447,4,-104.71,317.57,-20.73,0.26,2446,25,primary_apical_trunk,4
2448,4,-104.61,319.57,-20.75,0.26,2447,25,primary_apical_trunk,4
2449,4,-104.61,319.77,-20.75,0.26,2448,25,primary_apical_trunk,4
2450,4,-104.41,321.17,-20.75,0.26,2449,25,primary_apical_trunk,4
2451,4,-104.41,321.27,-20.75,0.26,2450,25,primary_apical_trunk,4
2452,4,-104.41,322.97,-20.75,0.26,2451,25,primary_apical_trunk,4
2453,4,-104.41,323.27,-20.75,0.26,2452,25,primary_apical_trunk,4
2454,4,-104.31,324.67,-20.75,0.26,2453,25,primary_apical_trunk,4
2455,4,-104.01,325.97,-20.82,0.26,2454,25,primary_apical_trunk,4
2456,4,-104.11,327.57,-21.07,0.22,2455,25,primary_apical_trunk,4
2457,4,-103.91,328.97,-20.88,0.22,2456,25,primary_apical_trunk,4
2458,4,-103.71,330.57,-20.66,0.22,2457,25,primary_apical_trunk,4
2459,4,-103.81,330.67,-20.63,0.22,2458,25,primary_apical_trunk,4
2460,4,-104.01,331.97,-20.57,0.22,2459,25,primary_apical_trunk,4
2461,4,-104.01,332.07,-20.5,0.22,2460,25,primary_apical_trunk,4
2462,4,-104.41,333.27,-20.48,0.22,2461,25,primary_apical_trunk,4
2463,4,-104.61,333.47,-20.48,0.22,2462,25,primary_apical_trunk,4
2464,4,-105.01,334.67,-20.41,0.22,2463,25,primary_apical_trunk,4
2465,4,-105.11,334.97,-20.41,0.22,2464,25,primary_apical_trunk,4
2466,4,-105.51,336.57,-20.38,0.22,2465,25,primary_apical_trunk,4
2467,4,-105.71,338.17,-20.38,0.22,2466,25,primary_apical_trunk,4
2468,4,-105.71,338.17,-20.32,0.22,2467,25,primary_apical_trunk,4
2469,4,-106.01,340.27,-20.32,0.22,2468,25,primary_apical_trunk,4
2470,4,-106.11,340.37,-20.32,0.22,2469,25,primary_apical_trunk,4
2471,4,-106.51,341.77,-20.25,0.22,2470,25,primary_apical_trunk,4
2472,4,-106.71,342.07,-20.25,0.22,2471,25,primary_apical_trunk,4
2473,4,-107.11,343.37,-20.25,0.22,2472,25,primary_apical_trunk,4
2474,4,-107.11,343.47,-20.25,0.22,2473,25,primary_apical_trunk,4
2475,4,-107.71,345.07,-20.25,0.22,2474,25,primary_apical_trunk,4
2476,4,-107.81,345.27,-20.25,0.22,2475,25,primary_apical_trunk,4
2477,4,-108.81,346.47,-20.25,0.22,2476,25,primary_apical_trunk,4
2478,4,-108.91,346.47,-20.25,0.22,2477,25,primary_apical_trunk,4
2479,4,-110.11,347.67,-20.25,0.22,2478,25,primary_apical_trunk,4
2480,4,-110.21,347.77,-20.25,0.22,2479,25,primary_apical_trunk,4
2481,4,-111.01,348.97,-20.25,0.22,2480,25,primary_apical_trunk,4
2482,4,-111.91,350.57,-20.23,0.22,2481,25,primary_apical_trunk,4
2483,4,-112.01,350.67,-20.23,0.22,2482,25,primary_apical_trunk,4
2484,4,-112.51,351.87,-20.23,0.22,2483,25,primary_apical_trunk,4
2485,4,-112.71,351.97,-20.23,0.22,2484,25,primary_apical_trunk,4
2486,4,-113.41,353.37,-20.32,0.22,2485,25,primary_apical_trunk,4
2487,4,-113.81,354.67,-20.38,0.22,2486,25,primary_apical_trunk,4
2488,4,-114.01,354.77,-20.41,0.22,2487,25,primary_apical_trunk,4
2489,4,-114.81,356.27,-20.48,0.22,2488,25,primary_apical_trunk,4
2490,4,-115.41,357.67,-20.5,0.22,2489,25,primary_apical_trunk,4
2491,4,-116.11,359.27,-20.5,0.22,2490,25,primary_apical_trunk,4
2492,4,-116.11,359.37,-20.5,0.22,2491,25,primary_apical_trunk,4
2493,4,-117.01,360.87,-20.5,0.22,2492,25,primary_apical_trunk,4
2494,4,-117.01,360.97,-20.5,0.22,2493,25,primary_apical_trunk,4
2495,4,-117.41,361.97,-20.5,0.22,2494,25,primary_apical_trunk,4
2496,4,-117.51,362.17,-20.57,0.22,2495,25,primary_apical_trunk,4
2497,4,-118.11,363.07,-20.57,0.22,2496,25,primary_apical_trunk,4
2498,4,-118.71,365.17,-20.57,0.22,2497,25,primary_apical_trunk,4
2499,4,-118.61,366.47,-20.57,0.22,2498,25,primary_apical_trunk,4
2500,4,-118.51,367.27,-20.57,0.22,2499,25,primary_apical_trunk,4
2501,4,-118.41,368.17,-20.63,0.22,2500,25,primary_apical_trunk,4
2502,4,-118.31,369.37,-20.63,0.22,2501,25,primary_apical_trunk,4
2503,4,-118.81,370.77,-20.63,0.22,2502,25,primary_apical_trunk,4
2504,4,-119.51,372.07,-20.66,0.22,2503,25,primary_apical_trunk,4
2505,4,-119.41,372.27,-20.66,0.22,2504,25,primary_apical_trunk,4
2506,4,-119.91,373.47,-20.66,0.22,2505,25,primary_apical_trunk,4
2507,4,-119.91,373.57,-20.66,0.22,2506,25,primary_apical_trunk,4
2508,4,-120.41,375.07,-20.73,0.22,2507,25,primary_apical_trunk,4
2509,4,-120.31,375.27,-20.73,0.22,2508,25,primary_apical_trunk,4
2510,4,-120.61,376.47,-20.73,0.22,2509,25,primary_apical_trunk,4
2511,4,-120.61,376.57,-20.73,0.22,2510,25,primary_apical_trunk,4
2512,4,-121.31,377.77,-20.73,0.22,2511,25,primary_apical_trunk,4
2513,4,-121.31,377.87,-20.73,0.22,2512,25,primary_apical_trunk,4
2514,4,-121.51,379.17,-20.63,0.22,2513,25,primary_apical_trunk,4
2515,4,-121.61,379.37,-20.63,0.22,2514,25,primary_apical_trunk,4
2516,4,-121.61,380.67,-20.5,0.22,2515,25,primary_apical_trunk,4
2517,4,-121.71,381.97,-20.5,0.22,2516,25,primary_apical_trunk,4
2518,4,-121.51,383.67,-20.66,0.22,2517,25,primary_apical_trunk,4
2519,4,-121.41,385.27,-20.73,0.22,2518,25,primary_apical_trunk,4
2520,4,-121.41,386.27,-20.75,0.22,2519,25,primary_apical_trunk,4
2521,4,-121.41,386.37,-20.82,0.22,2520,25,primary_apical_trunk,4
2522,4,-121.11,387.97,-20.88,0.22,2521,25,primary_apical_trunk,4
2523,4,-121.41,389.67,-21.16,0.22,2522,25,primary_apical_trunk,4
2524,4,-121.51,390.77,-21.32,0.22,2523,25,primary_apical_trunk,4
2525,4,-121.41,390.97,-21.32,0.22,2524,25,primary_apical_trunk,4
2526,4,-121.31,391.87,-21.41,0.22,2525,25,primary_apical_trunk,4
2527,4,-121.41,391.97,-21.48,0.22,2526,25,primary_apical_trunk,4
2528,4,-121.31,393.37,-21.5,0.22,2527,25,primary_apical_trunk,4
2529,4,-121.21,393.57,-21.5,0.22,2528,25,primary_apical_trunk,4
2530,4,-120.91,394.97,-21.57,0.22,2529,25,primary_apical_trunk,4
2531,4,-120.91,395.17,-21.57,0.22,2530,25,primary_apical_trunk,4
2532,4,-121.11,395.97,-21.57,0.22,2531,25,primary_apical_trunk,4
2533,4,-121.21,396.17,-21.63,0.22,2532,25,primary_apical_trunk,4
2534,4,-121.91,396.87,-21.63,0.22,2533,25,primary_apical_trunk,4
2535,4,-122.01,397.17,-21.63,0.22,2534,25,primary_apical_trunk,4
2536,4,-122.61,397.67,-21.63,0.22,2535,25,primary_apical_trunk,4
2537,4,-123.51,398.77,-21.66,0.22,2536,25,primary_apical_trunk,4
2538,4,-123.71,400.27,-21.66,0.22,2537,25,primary_apical_trunk,4
2539,4,-123.91,401.47,-21.75,0.22,2538,25,primary_apical_trunk,4
2540,4,-123.91,402.97,-21.82,0.22,2539,25,primary_apical_trunk,4
2541,4,-123.81,403.17,-21.82,0.22,2540,25,primary_apical_trunk,4
2542,4,-123.81,404.67,-21.82,0.22,2541,25,primary_apical_trunk,4
2543,4,-123.81,404.97,-21.82,0.22,2542,25,primary_apical_trunk,4
2544,4,-123.81,405.87,-21.82,0.22,2543,25,primary_apical_trunk,4
2545,4,-124.01,406.57,-21.82,0.22,2544,25,primary_apical_trunk,4
2546,4,-124.01,406.67,-21.82,0.22,2545,25,primary_apical_trunk,4
2547,4,-124.61,407.87,-21.82,0.22,2546,25,primary_apical_trunk,4
2548,4,-124.81,409.37,-21.75,0.22,2547,25,primary_apical_trunk,4
2549,4,-125.41,411.67,-21.82,0.22,2548,25,primary_apical_trunk,4
2550,4,-126.01,413.77,-21.88,0.22,2549,25,primary_apical_trunk,4
2551,4,-126.11,413.97,-21.88,0.22,2550,25,primary_apical_trunk,4
2552,4,-127.01,414.97,-21.91,0.22,2551,25,primary_apical_trunk,4
2553,4,-127.11,414.87,-21.91,0.22,2552,25,primary_apical_trunk,4
2554,4,-128.31,414.97,-21.91,0.22,2553,25,primary_apical_trunk,4
2555,4,-128.51,414.97,-21.91,0.22,2554,25,primary_apical_trunk,4
2556,4,-50.15,18.9,-4.0,0.15,1982,26,primary_apical_trunk,4
2557,4,-50.28,18.81,-3.94,0.15,2556,26,primary_apical_trunk,4
2558,4,-51.23,18.7,-3.89,0.15,2557,26,primary_apical_trunk,4
2559,4,-51.87,19.42,-3.85,0.15,2558,26,primary_apical_trunk,4
2560,4,-53.1,20.45,-4.0,0.15,2559,26,primary_apical_trunk,4
2561,4,-53.73,21.17,-4.04,0.15,2560,26,primary_apical_trunk,4
2562,4,-55.23,22.16,-4.1,0.15,2561,26,primary_apical_trunk,4
2563,4,-55.95,22.83,-4.19,0.15,2562,26,primary_apical_trunk,4
2564,4,-56.86,23.19,-4.19,0.15,2563,26,primary_apical_trunk,4
2565,4,-58.01,23.68,-4.35,0.15,2564,26,primary_apical_trunk,4
2566,4,-58.77,24.64,-4.6,0.15,2565,26,primary_apical_trunk,4
2567,4,-59.44,25.12,-4.64,0.15,2566,26,primary_apical_trunk,4
2568,4,-60.73,26.18,-5.0,0.15,2567,26,primary_apical_trunk,4
2569,4,-61.66,27.47,-5.04,0.15,2568,26,primary_apical_trunk,4
2570,4,-62.5,27.79,-5.19,0.15,2569,26,primary_apical_trunk,4
2571,4,-63.43,28.41,-5.29,0.15,2570,26,primary_apical_trunk,4
2572,4,-64.59,28.74,-5.79,0.15,2571,26,primary_apical_trunk,4
2573,4,-64.79,28.66,-5.85,0.15,2572,26,primary_apical_trunk,4
2574,4,-65.47,28.59,-5.85,0.15,2573,26,primary_apical_trunk,4
2575,4,-65.77,28.5,-5.85,0.15,2574,26,primary_apical_trunk,4
2576,4,-66.77,28.32,-6.1,0.15,2575,26,primary_apical_trunk,4
2577,4,-66.84,28.19,-6.1,0.15,2576,26,primary_apical_trunk,4
2578,4,-67.29,28.1,-6.25,0.15,2577,26,primary_apical_trunk,4
2579,4,-67.56,28.05,-6.25,0.15,2578,26,primary_apical_trunk,4
2580,4,-68.25,27.99,-6.35,0.15,2579,26,primary_apical_trunk,4
2581,4,-68.41,27.99,-6.39,0.15,2580,26,primary_apical_trunk,4
2582,4,-69.81,28.5,-6.5,0.15,2581,26,primary_apical_trunk,4
2583,4,-71.22,28.79,-7.44,0.15,2582,26,primary_apical_trunk,4
2584,4,-71.35,28.86,-7.44,0.15,2583,26,primary_apical_trunk,4
2585,4,-72.44,28.82,-7.44,0.15,2584,26,primary_apical_trunk,4
2586,4,-72.64,28.76,-7.49,0.15,2585,26,primary_apical_trunk,4
2587,4,-73.47,28.75,-7.49,0.15,2586,26,primary_apical_trunk,4
2588,4,-73.64,28.59,-7.49,0.15,2587,26,primary_apical_trunk,4
2589,4,-74.54,28.78,-7.49,0.15,2588,26,primary_apical_trunk,4
2590,4,-75.81,29.33,-7.49,0.15,2589,26,primary_apical_trunk,4
2591,4,-77.51,29.74,-7.49,0.15,2590,26,primary_apical_trunk,4
2592,4,-77.6,29.55,-7.49,0.15,2591,26,primary_apical_trunk,4
2593,4,-78.79,30.14,-9.24,0.15,2592,26,primary_apical_trunk,4
2594,4,-81.02,30.32,-10.35,0.15,2593,26,primary_apical_trunk,4
2595,4,-81.16,30.22,-10.28,0.15,2594,26,primary_apical_trunk,4
2596,4,-82.08,30.19,-10.19,0.15,2595,26,primary_apical_trunk,4
2597,4,-82.48,30.22,-10.15,0.15,2596,26,primary_apical_trunk,4
2598,4,-83.8,30.37,-10.1,0.15,2597,26,primary_apical_trunk,4
2599,4,-83.92,30.44,-10.1,0.15,2598,26,primary_apical_trunk,4
2600,4,-84.76,31.11,-10.03,0.15,2599,26,primary_apical_trunk,4
2601,4,-84.86,31.23,-10.03,0.15,2600,26,primary_apical_trunk,4
2602,4,-85.4,32.31,-9.99,0.15,2601,26,primary_apical_trunk,4
2603,4,-85.46,32.51,-9.99,0.15,2602,26,primary_apical_trunk,4
2604,4,-85.64,33.67,-9.99,0.15,2603,26,primary_apical_trunk,4
2605,4,-35.34,6.49,-1.24,0.295,1965,27,primary_apical_trunk,4
2606,4,-36.66,6.49,-1.33,0.295,2605,27,primary_apical_trunk,4
2607,4,-36.82,6.49,-1.33,0.295,2606,27,primary_apical_trunk,4
2608,4,-38.32,6.32,-1.33,0.295,2607,27,primary_apical_trunk,4
2609,4,-38.48,6.15,-1.33,0.295,2608,27,primary_apical_trunk,4
2610,4,-39.73,5.61,-1.33,0.295,2609,27,primary_apical_trunk,4
2611,4,-40.97,4.91,-1.33,0.295,2610,27,primary_apical_trunk,4
2612,4,-41.14,4.74,-1.33,0.295,2611,27,primary_apical_trunk,4
2613,4,-42.11,4.31,-1.33,0.295,2612,27,primary_apical_trunk,4
2614,4,-42.77,3.64,-1.33,0.295,2613,27,primary_apical_trunk,4
2615,4,-42.82,3.52,-1.33,0.295,2614,27,primary_apical_trunk,4
2616,4,-43.85,3.29,-1.69,0.295,2615,27,primary_apical_trunk,4
2617,4,-44.78,3.24,-1.79,0.295,2616,27,primary_apical_trunk,4
2618,4,-45.77,3.4,-1.12,0.295,2617,27,primary_apical_trunk,4
2619,4,-45.77,3.4,-1.12,0.22,2618,28,primary_apical_trunk,4
2620,4,-46.82,3.43,-0.78,0.22,2619,28,primary_apical_trunk,4
2621,4,-47.09,3.72,-0.62,0.22,2620,28,primary_apical_trunk,4
2622,4,-47.46,4.48,-0.27,0.22,2621,28,primary_apical_trunk,4
2623,4,-48.05,5.1,-0.08,0.22,2622,28,primary_apical_trunk,4
2624,4,-48.45,5.3,0.03,0.22,2623,28,primary_apical_trunk,4
2625,4,-48.49,6.38,0.12,0.22,2624,28,primary_apical_trunk,4
2626,4,-48.54,6.48,0.12,0.22,2625,28,primary_apical_trunk,4
2627,4,-48.76,6.85,0.17,0.22,2626,28,primary_apical_trunk,4
2628,4,-48.8,6.95,0.17,0.22,2627,28,primary_apical_trunk,4
2629,4,-49.32,7.2,0.23,0.22,2628,28,primary_apical_trunk,4
2630,4,-49.5,7.21,0.23,0.22,2629,28,primary_apical_trunk,4
2631,4,-50.03,7.14,0.28,0.22,2630,28,primary_apical_trunk,4
2632,4,-50.15,7.04,0.34,0.22,2631,28,primary_apical_trunk,4
2633,4,-51.22,7.07,0.74,0.22,2632,28,primary_apical_trunk,4
2634,4,-51.47,7.03,0.74,0.22,2633,28,primary_apical_trunk,4
2635,4,-51.99,6.97,0.84,0.22,2634,28,primary_apical_trunk,4
2636,4,-52.27,6.93,0.84,0.22,2635,28,primary_apical_trunk,4
2637,4,-53.04,7.23,0.84,0.22,2636,28,primary_apical_trunk,4
2638,4,-53.43,7.76,0.91,0.22,2637,28,primary_apical_trunk,4
2639,4,-53.96,8.49,0.94,0.22,2638,28,primary_apical_trunk,4
2640,4,-54.03,8.53,1.12,0.22,2639,28,primary_apical_trunk,4
2641,4,-54.13,9.16,1.3,0.22,2640,28,primary_apical_trunk,4
2642,4,-54.47,9.98,1.4,0.22,2641,28,primary_apical_trunk,4
2643,4,-55.3,10.47,1.46,0.22,2642,28,primary_apical_trunk,4
2644,4,-56.22,10.77,1.52,0.22,2643,28,primary_apical_trunk,4
2645,4,-56.33,10.73,1.52,0.22,2644,28,primary_apical_trunk,4
2646,4,-57.25,10.87,1.56,0.22,2645,28,primary_apical_trunk,4
2647,4,-57.49,10.89,1.56,0.22,2646,28,primary_apical_trunk,4
2648,4,-58.5,11.15,1.59,0.22,2647,28,primary_apical_trunk,4
2649,4,-58.93,11.12,1.59,0.22,2648,28,primary_apical_trunk,4
2650,4,-59.6,11.12,1.65,0.22,2649,28,primary_apical_trunk,4
2651,4,-59.9,11.02,1.71,0.22,2650,28,primary_apical_trunk,4
2652,4,-60.58,10.78,1.82,0.22,2651,28,primary_apical_trunk,4
2653,4,-61.85,10.41,2.09,0.22,2652,28,primary_apical_trunk,4
2654,4,-61.87,10.18,2.17,0.22,2653,28,primary_apical_trunk,4
2655,4,-62.72,9.45,2.32,0.22,2654,28,primary_apical_trunk,4
2656,4,-64.04,9.28,2.32,0.22,2655,28,primary_apical_trunk,4
2657,4,-64.21,9.12,2.34,0.22,2656,28,primary_apical_trunk,4
2658,4,-65.04,8.78,2.42,0.22,2657,28,primary_apical_trunk,4
2659,4,-65.26,8.64,2.42,0.22,2658,28,primary_apical_trunk,4
2660,4,-66.12,8.24,2.56,0.22,2659,28,primary_apical_trunk,4
2661,4,-66.51,7.94,2.56,0.22,2660,28,primary_apical_trunk,4
2662,4,-68.09,7.42,3.22,0.22,2661,28,primary_apical_trunk,4
2663,4,-69.29,7.49,3.22,0.22,2662,28,primary_apical_trunk,4
2664,4,-69.4,7.47,3.22,0.22,2663,28,primary_apical_trunk,4
2665,4,-70.23,7.63,3.27,0.22,2664,28,primary_apical_trunk,4
2666,4,-70.48,7.59,3.27,0.22,2665,28,primary_apical_trunk,4
2667,4,-71.31,7.59,3.27,0.22,2666,28,primary_apical_trunk,4
2668,4,-71.53,7.46,3.27,0.22,2667,28,primary_apical_trunk,4
2669,4,-72.37,7.45,3.27,0.22,2668,28,primary_apical_trunk,4
2670,4,-72.62,7.42,3.27,0.22,2669,28,primary_apical_trunk,4
2671,4,-45.77,3.4,-1.12,0.22,2618,29,primary_apical_trunk,4
2672,4,-45.89,3.31,-1.12,0.22,2671,29,primary_apical_trunk,4
2673,4,-46.62,3.0,-1.12,0.22,2672,29,primary_apical_trunk,4
2674,4,-46.87,2.87,-1.12,0.22,2673,29,primary_apical_trunk,4
2675,4,-47.77,2.17,-1.12,0.22,2674,29,primary_apical_trunk,4
2676,4,-47.98,2.09,-1.12,0.22,2675,29,primary_apical_trunk,4
2677,4,-48.96,1.17,-1.13,0.22,2676,29,primary_apical_trunk,4
2678,4,-50.33,0.68,0.06,0.22,2677,29,primary_apical_trunk,4
2679,4,-50.53,0.62,0.06,0.22,2678,29,primary_apical_trunk,4
2680,4,-51.45,0.09,0.03,0.22,2679,29,primary_apical_trunk,4
2681,4,-51.6,-0.09,0.03,0.22,2680,29,primary_apical_trunk,4
2682,4,-52.31,-0.64,-0.07,0.22,2681,29,primary_apical_trunk,4
2683,4,-52.45,-0.74,-0.12,0.22,2682,29,primary_apical_trunk,4
2684,4,-53.1,-1.24,-0.37,0.22,2683,29,primary_apical_trunk,4
2685,4,-53.1,-1.4,-0.37,0.22,2684,29,primary_apical_trunk,4
2686,4,-53.74,-2.4,-0.43,0.22,2685,29,primary_apical_trunk,4
2687,4,-54.0,-2.61,-0.43,0.22,2686,29,primary_apical_trunk,4
2688,4,-54.71,-2.84,0.41,0.22,2687,29,primary_apical_trunk,4
2689,4,-55.29,-3.04,0.5,0.22,2688,29,primary_apical_trunk,4
2690,4,-55.46,-3.03,0.5,0.22,2689,29,primary_apical_trunk,4
2691,4,-55.65,-3.12,0.59,0.22,2690,29,primary_apical_trunk,4
2692,4,-55.82,-3.11,0.63,0.22,2691,29,primary_apical_trunk,4
2693,4,-56.58,-3.15,0.88,0.22,2692,29,primary_apical_trunk,4
2694,4,-56.76,-3.21,0.94,0.22,2693,29,primary_apical_trunk,4
2695,4,-57.31,-3.44,1.05,0.22,2694,29,primary_apical_trunk,4
2696,4,-57.47,-3.78,1.13,0.22,2695,29,primary_apical_trunk,4
2697,4,-57.86,-4.06,1.21,0.22,2696,29,primary_apical_trunk,4
2698,4,-58.28,-4.27,1.21,0.22,2697,29,primary_apical_trunk,4
2699,4,-58.71,-4.31,1.25,0.22,2698,29,primary_apical_trunk,4
2700,4,-58.83,-4.35,1.25,0.22,2699,29,primary_apical_trunk,4
2701,4,-59.32,-4.18,1.38,0.22,2700,29,primary_apical_trunk,4
2702,4,-59.46,-4.12,1.38,0.22,2701,29,primary_apical_trunk,4
2703,4,-60.11,-4.27,1.5,0.22,2702,29,primary_apical_trunk,4
2704,4,-60.4,-4.37,1.5,0.22,2703,29,primary_apical_trunk,4
2705,4,-62.06,-4.23,2.88,0.22,2704,29,primary_apical_trunk,4
2706,4,-62.15,-4.43,2.88,0.22,2705,29,primary_apical_trunk,4
2707,4,-62.99,-4.77,2.88,0.22,2706,29,primary_apical_trunk,4
2708,4,-63.35,-5.15,2.88,0.22,2707,29,primary_apical_trunk,4
2709,4,-63.71,-5.38,2.91,0.22,2708,29,primary_apical_trunk,4
2710,4,-63.86,-5.4,2.91,0.22,2709,29,primary_apical_trunk,4
2711,3,0.0,0.0,0.0,3.03,1,30,primary_apical_trunk,4
2712,3,1.36,0.89,0.0,3.03,2711,30,primary_apical_trunk,4
2713,3,2.06,2.17,0.08,3.03,2712,30,primary_apical_trunk,4
2714,3,2.55,3.15,0.08,3.03,2713,30,primary_apical_trunk,4
2715,3,3.63,4.37,0.08,2.33,2714,30,primary_apical_trunk,4
2716,3,5.07,6.45,0.08,2.07,2715,30,primary_apical_trunk,4
2717,3,6.22,8.25,0.08,1.96,2716,30,primary_apical_trunk,4
2718,3,7.17,9.68,0.08,1.775,2717,30,primary_apical_trunk,4
2719,3,7.69,10.25,0.08,1.255,2718,30,primary_apical_trunk,4
2720,3,7.69,10.25,0.08,1.145,2719,31,primary_apical_trunk,4
2721,3,8.5,11.41,0.08,1.145,2720,31,primary_apical_trunk,4
2722,3,8.56,11.53,0.08,1.145,2721,31,primary_apical_trunk,4
2723,3,9.39,13.03,0.08,1.145,2722,31,primary_apical_trunk,4
2724,3,10.11,13.99,0.08,1.145,2723,31,primary_apical_trunk,4
2725,3,10.76,14.8,0.08,1.145,2724,31,primary_apical_trunk,4
2726,3,11.16,15.61,0.08,1.145,2725,31,primary_apical_trunk,4
2727,3,11.64,16.6,0.08,1.145,2726,31,primary_apical_trunk,4
2728,3,11.95,17.76,-1.65,1.145,2727,31,primary_apical_trunk,4
2729,3,12.73,19.17,-2.01,1.035,2728,31,primary_apical_trunk,4
2730,3,13.78,19.97,-2.15,0.885,2729,31,primary_apical_trunk,4
2731,3,13.85,20.12,-2.15,0.885,2730,31,primary_apical_trunk,4
2732,3,15.2,21.33,-2.15,0.885,2731,31,primary_apical_trunk,4
2733,3,15.89,22.39,-2.21,0.885,2732,31,primary_apical_trunk,4
2734,3,16.69,23.89,-2.26,0.885,2733,31,primary_apical_trunk,4
2735,3,17.41,25.68,-2.26,0.885,2734,31,primary_apical_trunk,4
2736,3,18.03,26.93,-1.85,0.885,2735,31,primary_apical_trunk,4
2737,3,18.76,28.21,-1.69,0.885,2736,31,primary_apical_trunk,4
2738,3,19.44,28.94,-1.54,0.885,2737,31,primary_apical_trunk,4
2739,3,20.16,29.91,-1.06,0.885,2738,31,primary_apical_trunk,4
2740,3,21.21,30.7,-0.86,0.885,2739,31,primary_apical_trunk,4
2741,3,22.02,31.7,-0.73,0.885,2740,31,primary_apical_trunk,4
2742,3,22.64,32.46,-0.61,0.885,2741,31,primary_apical_trunk,4
2743,3,23.33,33.36,-0.57,0.885,2742,31,primary_apical_trunk,4
2744,3,24.29,33.96,-0.54,0.885,2743,31,primary_apical_trunk,4
2745,3,25.24,34.88,-0.54,0.885,2744,31,primary_apical_trunk,4
2746,3,26.23,35.71,-0.48,0.885,2745,31,primary_apical_trunk,4
2747,3,27.05,37.04,-0.48,0.885,2746,31,primary_apical_trunk,4
2748,3,27.87,37.7,-0.48,0.885,2747,31,primary_apical_trunk,4
2749,3,27.8,37.57,-0.48,0.885,2748,31,primary_apical_trunk,4
2750,3,28.65,38.63,-0.48,0.885,2749,31,primary_apical_trunk,4
2751,3,29.27,39.72,-0.48,0.885,2750,31,primary_apical_trunk,4
2752,3,29.92,40.89,-0.48,0.885,2751,31,primary_apical_trunk,4
2753,3,30.51,42.09,-0.42,0.885,2752,31,primary_apical_trunk,4
2754,3,31.03,43.15,-0.42,0.885,2753,31,primary_apical_trunk,4
2755,3,31.51,44.49,-0.37,0.885,2754,31,primary_apical_trunk,4
2756,3,32.05,45.79,-0.31,0.885,2755,31,primary_apical_trunk,4
2757,3,32.55,46.93,-0.17,0.815,2756,31,primary_apical_trunk,4
2758,3,33.23,47.99,-0.61,0.815,2757,31,primary_apical_trunk,4
2759,3,33.85,49.25,-0.73,0.815,2758,31,primary_apical_trunk,4
2760,3,34.4,50.37,-0.83,0.815,2759,31,primary_apical_trunk,4
2761,3,35.01,51.81,-0.86,0.815,2760,31,primary_apical_trunk,4
2762,3,35.01,51.81,-0.86,0.515,2761,32,primary_apical_trunk,4
2763,3,34.97,51.91,-0.91,0.515,2762,32,primary_apical_trunk,4
2764,3,36.17,53.2,-0.91,0.515,2763,32,primary_apical_trunk,4
2765,3,37.07,54.17,-0.96,0.515,2764,32,primary_apical_trunk,4
2766,3,37.96,54.79,-0.96,0.515,2765,32,primary_apical_trunk,4
2767,3,38.71,55.99,-0.96,0.515,2766,32,primary_apical_trunk,4
2768,3,39.14,57.18,-1.01,0.515,2767,32,primary_apical_trunk,4
2769,3,39.71,58.2,-1.01,0.515,2768,32,primary_apical_trunk,4
2770,3,40.57,59.43,-1.01,0.515,2769,32,primary_apical_trunk,4
2771,3,40.98,60.79,-1.01,0.515,2770,32,primary_apical_trunk,4
2772,3,41.61,61.71,-1.01,0.515,2771,32,primary_apical_trunk,4
2773,3,42.32,62.67,-1.01,0.515,2772,32,primary_apical_trunk,4
2774,3,43.09,63.53,-1.01,0.515,2773,32,primary_apical_trunk,4
2775,3,43.79,64.32,-1.09,0.515,2774,32,primary_apical_trunk,4
2776,3,44.56,64.85,-1.09,0.515,2775,32,primary_apical_trunk,4
2777,3,45.05,65.85,-1.09,0.515,2776,32,primary_apical_trunk,4
2778,3,45.8,67.05,-1.12,0.515,2777,32,primary_apical_trunk,4
2779,3,46.68,68.33,-1.12,0.515,2778,32,primary_apical_trunk,4
2780,3,47.14,69.09,-1.12,0.515,2779,32,primary_apical_trunk,4
2781,3,47.14,69.92,-1.12,0.7,2780,32,primary_apical_trunk,4
2782,3,47.64,70.73,-1.12,0.7,2781,32,primary_apical_trunk,4
2783,3,48.45,71.54,-1.12,0.7,2782,32,primary_apical_trunk,4
2784,3,48.45,71.54,-1.12,0.37,2783,33,primary_apical_trunk,4
2785,3,49.0,73.0,-1.22,0.37,2784,33,primary_apical_trunk,4
2786,3,49.49,74.16,-1.29,0.37,2785,33,primary_apical_trunk,4
2787,3,49.55,74.28,-1.29,0.37,2786,33,primary_apical_trunk,4
2788,3,50.31,75.48,-1.19,0.445,2787,33,primary_apical_trunk,4
2789,3,50.57,76.84,-1.12,0.445,2788,33,primary_apical_trunk,4
2790,3,51.25,78.22,-1.37,0.445,2789,33,primary_apical_trunk,4
2791,3,51.86,79.31,-0.79,0.445,2790,33,primary_apical_trunk,4
2792,3,52.72,80.05,-0.66,0.445,2791,33,primary_apical_trunk,4
2793,3,53.54,80.7,-0.4,0.445,2792,33,primary_apical_trunk,4
2794,3,54.2,81.87,-0.25,0.445,2793,33,primary_apical_trunk,4
2795,3,54.59,83.32,-0.04,0.445,2794,33,primary_apical_trunk,4
2796,3,55.2,84.74,0.0,0.445,2795,33,primary_apical_trunk,4
2797,3,55.16,84.85,0.0,0.445,2796,33,primary_apical_trunk,4
2798,3,55.66,86.17,0.11,0.445,2797,33,primary_apical_trunk,4
2799,3,56.41,87.02,0.13,0.445,2798,33,primary_apical_trunk,4
2800,3,56.28,86.75,0.13,0.445,2799,33,primary_apical_trunk,4
2801,3,56.8,87.82,0.0,0.445,2800,33,primary_apical_trunk,4
2802,3,57.65,88.71,0.0,0.445,2801,33,primary_apical_trunk,4
2803,3,58.3,90.2,-0.12,0.445,2802,33,primary_apical_trunk,4
2804,3,58.3,90.37,-0.12,0.445,2803,33,primary_apical_trunk,4
2805,3,58.65,91.75,-0.12,0.445,2804,33,primary_apical_trunk,4
2806,3,59.04,93.0,-0.14,0.445,2805,33,primary_apical_trunk,4
2807,3,59.1,93.2,-0.14,0.445,2806,33,primary_apical_trunk,4
2808,3,59.57,94.1,-0.14,0.445,2807,33,primary_apical_trunk,4
2809,3,59.78,95.1,-0.14,0.445,2808,33,primary_apical_trunk,4
2810,3,59.88,95.3,-0.14,0.445,2809,33,primary_apical_trunk,4
2811,3,59.97,96.3,-0.2,0.445,2810,33,primary_apical_trunk,4
2812,3,59.94,96.6,-0.2,0.445,2811,33,primary_apical_trunk,4
2813,3,60.12,97.4,-0.2,0.445,2812,33,primary_apical_trunk,4
2814,3,60.52,98.6,-0.2,0.445,2813,33,primary_apical_trunk,4
2815,3,60.76,99.2,-0.25,0.445,2814,33,primary_apical_trunk,4
2816,3,60.83,100.1,-0.31,0.445,2815,33,primary_apical_trunk,4
2817,3,60.97,101.5,-0.31,0.445,2816,33,primary_apical_trunk,4
2818,3,61.05,101.6,-0.31,0.445,2817,33,primary_apical_trunk,4
2819,3,61.0,103.0,-0.31,0.445,2818,33,primary_apical_trunk,4
2820,3,61.06,104.3,-0.31,0.445,2819,33,primary_apical_trunk,4
2821,3,61.19,105.2,-0.37,0.445,2820,33,primary_apical_trunk,4
2822,3,61.15,105.3,-0.37,0.445,2821,33,primary_apical_trunk,4
2823,3,61.34,106.7,-0.66,0.445,2822,33,primary_apical_trunk,4
2824,3,61.53,107.9,-0.75,0.445,2823,33,primary_apical_trunk,4
2825,3,62.28,108.6,-0.79,0.445,2824,33,primary_apical_trunk,4
2826,3,62.83,109.6,-0.89,0.445,2825,33,primary_apical_trunk,4
2827,3,63.4,110.5,-0.94,0.445,2826,33,primary_apical_trunk,4
2828,3,63.49,110.7,-0.94,0.445,2827,33,primary_apical_trunk,4
2829,3,63.85,112.0,-1.02,0.445,2828,33,primary_apical_trunk,4
2830,3,63.8,112.1,-1.05,0.445,2829,33,primary_apical_trunk,4
2831,3,64.24,113.1,-1.12,0.445,2830,33,primary_apical_trunk,4
2832,3,64.17,113.3,-1.12,0.445,2831,33,primary_apical_trunk,4
2833,3,64.79,114.5,-1.12,0.445,2832,33,primary_apical_trunk,4
2834,3,64.88,114.6,-1.12,0.445,2833,33,primary_apical_trunk,4
2835,3,65.28,115.5,-1.12,0.445,2834,33,primary_apical_trunk,4
2836,3,65.33,117.2,-1.12,0.445,2835,33,primary_apical_trunk,4
2837,3,65.29,117.2,-1.12,0.445,2836,33,primary_apical_trunk,4
2838,3,65.86,118.5,-1.12,0.445,2837,33,primary_apical_trunk,4
2839,3,66.27,119.6,-1.12,0.445,2838,33,primary_apical_trunk,4
2840,3,66.52,120.8,-1.19,0.445,2839,33,primary_apical_trunk,4
2841,3,66.59,120.9,-1.19,0.445,2840,33,primary_apical_trunk,4
2842,3,67.14,121.7,-1.19,0.445,2841,33,primary_apical_trunk,4
2843,3,67.21,121.8,-1.19,0.445,2842,33,primary_apical_trunk,4
2844,3,67.4,123.1,-1.19,0.445,2843,33,primary_apical_trunk,4
2845,3,67.46,123.2,-1.19,0.445,2844,33,primary_apical_trunk,4
2846,3,67.72,124.4,-1.19,0.445,2845,33,primary_apical_trunk,4
2847,3,68.31,125.6,-1.29,0.445,2846,33,primary_apical_trunk,4
2848,3,68.33,126.9,-1.29,0.445,2847,33,primary_apical_trunk,4
2849,3,68.99,128.1,-1.32,0.445,2848,33,primary_apical_trunk,4
2850,3,69.34,129.0,-1.32,0.445,2849,33,primary_apical_trunk,4
2851,3,69.6,130.2,-1.32,0.445,2850,33,primary_apical_trunk,4
2852,3,70.0,131.2,-1.37,0.445,2851,33,primary_apical_trunk,4
2853,3,70.03,132.6,-1.37,0.445,2852,33,primary_apical_trunk,4
2854,3,70.38,134.0,-1.37,0.445,2853,33,primary_apical_trunk,4
2855,3,71.06,135.6,-1.43,0.515,2854,33,primary_apical_trunk,4
2856,3,71.35,137.2,-0.89,0.515,2855,33,primary_apical_trunk,4
2857,3,71.9,138.5,-0.84,0.48,2856,33,primary_apical_trunk,4
2858,3,72.75,140.0,-0.84,0.48,2857,33,primary_apical_trunk,4
2859,3,73.15,142.0,-0.84,0.48,2858,33,primary_apical_trunk,4
2860,3,73.65,143.2,-0.84,0.48,2859,33,primary_apical_trunk,4
2861,3,73.55,143.0,-0.84,0.48,2860,33,primary_apical_trunk,4
2862,3,74.25,144.5,-0.84,0.48,2861,33,primary_apical_trunk,4
2863,3,74.33,146.0,-0.84,0.48,2862,33,primary_apical_trunk,4
2864,3,74.94,147.3,-1.05,0.48,2863,33,primary_apical_trunk,4
2865,3,75.57,148.9,-1.12,0.48,2864,33,primary_apical_trunk,4
2866,3,75.83,149.9,-1.19,0.48,2865,33,primary_apical_trunk,4
2867,3,75.75,150.1,-1.19,0.48,2866,33,primary_apical_trunk,4
2868,3,75.79,151.7,-1.22,0.48,2867,33,primary_apical_trunk,4
2869,3,76.1,153.2,-1.22,0.48,2868,33,primary_apical_trunk,4
2870,3,76.04,153.0,-1.22,0.48,2869,33,primary_apical_trunk,4
2871,3,76.62,154.5,-1.29,0.405,2870,33,primary_apical_trunk,4
2872,3,76.69,154.7,-1.29,0.405,2871,33,primary_apical_trunk,4
2873,3,76.71,155.9,-1.29,0.405,2872,33,primary_apical_trunk,4
2874,3,76.84,157.2,-1.29,0.22,2873,33,primary_apical_trunk,4
2875,3,76.5,158.6,-1.29,0.22,2874,33,primary_apical_trunk,4
2876,3,75.39,160.2,-1.29,0.22,2875,33,primary_apical_trunk,4
2877,3,75.35,160.3,-1.29,0.22,2876,33,primary_apical_trunk,4
2878,3,74.42,161.0,-1.29,0.22,2877,33,primary_apical_trunk,4
2879,3,73.54,161.2,-1.29,0.22,2878,33,primary_apical_trunk,4
2880,3,73.13,161.0,-1.29,0.22,2879,33,primary_apical_trunk,4
2881,3,48.45,71.54,-1.12,0.335,2783,34,primary_apical_trunk,4
2882,3,48.63,72.93,-1.12,0.335,2881,34,primary_apical_trunk,4
2883,3,48.69,74.39,-1.18,0.335,2882,34,primary_apical_trunk,4
2884,3,48.89,75.77,-1.18,0.335,2883,34,primary_apical_trunk,4
2885,3,49.05,76.93,-1.38,0.335,2884,34,primary_apical_trunk,4
2886,3,49.3,78.46,-1.49,0.335,2885,34,primary_apical_trunk,4
2887,3,49.29,78.62,-1.49,0.335,2886,34,primary_apical_trunk,4
2888,3,49.69,79.9,-1.59,0.335,2887,34,primary_apical_trunk,4
2889,3,50.31,81.32,-1.59,0.335,2888,34,primary_apical_trunk,4
2890,3,50.75,82.59,-1.63,0.335,2889,34,primary_apical_trunk,4
2891,3,50.98,84.04,-1.74,0.335,2890,34,primary_apical_trunk,4
2892,3,51.39,85.39,-1.87,0.335,2891,34,primary_apical_trunk,4
2893,3,51.76,86.62,-1.88,0.335,2892,34,primary_apical_trunk,4
2894,3,52.57,87.93,-2.12,0.335,2893,34,primary_apical_trunk,4
2895,3,53.28,89.23,-1.87,0.335,2894,34,primary_apical_trunk,4
2896,3,53.5,90.51,-1.73,0.335,2895,34,primary_apical_trunk,4
2897,3,53.53,91.91,-1.62,0.335,2896,34,primary_apical_trunk,4
2898,3,53.66,92.98,-1.59,0.335,2897,34,primary_apical_trunk,4
2899,3,53.71,94.08,-1.48,0.335,2898,34,primary_apical_trunk,4
2900,3,53.62,94.08,-1.48,0.335,2899,34,primary_apical_trunk,4
2901,3,53.48,95.28,-1.23,0.335,2900,34,primary_apical_trunk,4
2902,3,53.83,96.38,-1.49,0.335,2901,34,primary_apical_trunk,4
2903,3,53.96,97.28,-1.62,0.335,2902,34,primary_apical_trunk,4
2904,3,54.39,98.68,-1.83,0.445,2903,34,primary_apical_trunk,4
2905,3,54.68,99.88,-1.88,0.445,2904,34,primary_apical_trunk,4
2906,3,55.03,101.08,-1.99,0.445,2905,34,primary_apical_trunk,4
2907,3,55.3,101.98,-1.99,0.445,2906,34,primary_apical_trunk,4
2908,3,55.51,102.88,-2.08,0.445,2907,34,primary_apical_trunk,4
2909,3,55.74,104.08,-2.12,0.445,2908,34,primary_apical_trunk,4
2910,3,56.09,105.18,-2.79,0.445,2909,34,primary_apical_trunk,4
2911,3,55.94,106.18,-2.83,0.445,2910,34,primary_apical_trunk,4
2912,3,56.0,107.28,-3.08,0.445,2911,34,primary_apical_trunk,4
2913,3,56.33,108.78,-3.29,0.445,2912,34,primary_apical_trunk,4
2914,3,56.51,109.98,-3.37,0.445,2913,34,primary_apical_trunk,4
2915,3,56.59,111.18,-3.38,0.445,2914,34,primary_apical_trunk,4
2916,3,56.82,112.68,-3.54,0.445,2915,34,primary_apical_trunk,4
2917,3,57.27,114.28,-3.58,0.445,2916,34,primary_apical_trunk,4
2918,3,57.79,115.48,-3.62,0.445,2917,34,primary_apical_trunk,4
2919,3,58.25,116.88,-3.83,0.445,2918,34,primary_apical_trunk,4
2920,3,58.32,117.08,-3.87,0.445,2919,34,primary_apical_trunk,4
2921,3,58.77,117.78,-3.94,0.445,2920,34,primary_apical_trunk,4
2922,3,59.1,118.48,-3.94,0.445,2921,34,primary_apical_trunk,4
2923,3,59.22,119.58,-4.04,0.445,2922,34,primary_apical_trunk,4
2924,3,59.36,119.68,-4.04,0.445,2923,34,primary_apical_trunk,4
2925,3,59.5,120.48,-4.04,0.445,2924,34,primary_apical_trunk,4
2926,3,59.54,120.68,-4.04,0.445,2925,34,primary_apical_trunk,4
2927,3,59.56,121.38,-4.08,0.445,2926,34,primary_apical_trunk,4
2928,3,59.49,122.58,-4.08,0.445,2927,34,primary_apical_trunk,4
2929,3,59.98,124.28,-4.12,0.445,2928,34,primary_apical_trunk,4
2930,3,60.92,125.68,-4.12,0.445,2929,34,primary_apical_trunk,4
2931,3,61.14,126.98,-4.29,0.445,2930,34,primary_apical_trunk,4
2932,3,61.59,128.58,-4.33,0.445,2931,34,primary_apical_trunk,4
2933,3,62.18,129.78,-4.44,0.445,2932,34,primary_apical_trunk,4
2934,3,62.99,131.38,-4.48,0.445,2933,34,primary_apical_trunk,4
2935,3,63.32,132.78,-4.48,0.445,2934,34,primary_apical_trunk,4
2936,3,63.51,133.98,-4.54,0.445,2935,34,primary_apical_trunk,4
2937,3,63.64,134.28,-4.58,0.445,2936,34,primary_apical_trunk,4
2938,3,64.13,135.08,-4.58,0.445,2937,34,primary_apical_trunk,4
2939,3,64.19,135.18,-4.58,0.445,2938,34,primary_apical_trunk,4
2940,3,64.55,136.08,-4.63,0.445,2939,34,primary_apical_trunk,4
2941,3,64.75,137.18,-4.98,0.445,2940,34,primary_apical_trunk,4
2942,3,64.71,138.28,-5.04,0.445,2941,34,primary_apical_trunk,4
2943,3,64.84,139.48,-5.08,0.445,2942,34,primary_apical_trunk,4
2944,3,65.3,140.58,-5.19,0.445,2943,34,primary_apical_trunk,4
2945,3,65.4,140.78,-5.19,0.445,2944,34,primary_apical_trunk,4
2946,3,65.81,141.78,-5.29,0.445,2945,34,primary_apical_trunk,4
2947,3,65.81,141.98,-5.29,0.445,2946,34,primary_apical_trunk,4
2948,3,65.97,143.48,-5.29,0.445,2947,34,primary_apical_trunk,4
2949,3,66.02,144.88,-5.38,0.445,2948,34,primary_apical_trunk,4
2950,3,66.0,144.98,-5.38,0.445,2949,34,primary_apical_trunk,4
2951,3,66.24,146.38,-5.48,0.445,2950,34,primary_apical_trunk,4
2952,3,66.31,146.48,-5.48,0.445,2951,34,primary_apical_trunk,4
2953,3,66.4,147.98,-5.54,0.445,2952,34,primary_apical_trunk,4
2954,3,66.52,149.28,-4.94,0.445,2953,34,primary_apical_trunk,4
2955,3,66.9,150.88,-4.83,0.445,2954,34,primary_apical_trunk,4
2956,3,67.16,151.88,-4.98,0.445,2955,34,primary_apical_trunk,4
2957,3,67.42,152.88,-5.13,0.445,2956,34,primary_apical_trunk,4
2958,3,67.77,153.98,-5.44,0.445,2957,34,primary_apical_trunk,4
2959,3,67.84,154.08,-5.54,0.445,2958,34,primary_apical_trunk,4
2960,3,68.52,155.18,-5.58,0.445,2959,34,primary_apical_trunk,4
2961,3,69.14,156.28,-5.73,0.445,2960,34,primary_apical_trunk,4
2962,3,69.04,156.18,-5.73,0.445,2961,34,primary_apical_trunk,4
2963,3,69.48,157.58,-6.29,0.445,2962,34,primary_apical_trunk,4
2964,3,70.09,159.18,-6.38,0.445,2963,34,primary_apical_trunk,4
2965,3,70.47,160.68,-6.44,0.445,2964,34,primary_apical_trunk,4
2966,3,70.96,162.08,-6.54,0.445,2965,34,primary_apical_trunk,4
2967,3,71.21,163.28,-6.54,0.445,2966,34,primary_apical_trunk,4
2968,3,71.28,163.38,-6.54,0.445,2967,34,primary_apical_trunk,4
2969,3,71.63,164.48,-6.63,0.445,2968,34,primary_apical_trunk,4
2970,3,71.59,164.58,-6.63,0.445,2969,34,primary_apical_trunk,4
2971,3,71.89,165.68,-6.79,0.445,2970,34,primary_apical_trunk,4
2972,3,72.33,167.08,-6.83,0.445,2971,34,primary_apical_trunk,4
2973,3,72.34,167.28,-6.83,0.445,2972,34,primary_apical_trunk,4
2974,3,72.71,168.48,-6.88,0.445,2973,34,primary_apical_trunk,4
2975,3,72.93,169.48,-6.19,0.445,2974,34,primary_apical_trunk,4
2976,3,73.52,170.48,-5.98,0.445,2975,34,primary_apical_trunk,4
2977,3,73.95,172.18,-5.98,0.445,2976,34,primary_apical_trunk,4
2978,3,74.53,173.68,-6.04,0.445,2977,34,primary_apical_trunk,4
2979,3,74.94,174.98,-6.13,0.445,2978,34,primary_apical_trunk,4
2980,3,74.97,175.28,-6.19,0.445,2979,34,primary_apical_trunk,4
2981,3,75.17,176.48,-6.29,0.445,2980,34,primary_apical_trunk,4
2982,3,75.17,176.68,-6.33,0.445,2981,34,primary_apical_trunk,4
2983,3,75.55,178.38,-6.48,0.445,2982,34,primary_apical_trunk,4
2984,3,76.06,179.98,-6.58,0.445,2983,34,primary_apical_trunk,4
2985,3,76.81,181.48,-7.23,0.445,2984,34,primary_apical_trunk,4
2986,3,77.44,182.88,-7.48,0.445,2985,34,primary_apical_trunk,4
2987,3,77.47,182.98,-7.58,0.445,2986,34,primary_apical_trunk,4
2988,3,77.82,184.38,-7.88,0.445,2987,34,primary_apical_trunk,4
2989,3,78.14,185.68,-8.08,0.445,2988,34,primary_apical_trunk,4
2990,3,78.27,185.98,-8.08,0.445,2989,34,primary_apical_trunk,4
2991,3,78.89,187.08,-8.13,0.445,2990,34,primary_apical_trunk,4
2992,3,78.99,187.28,-8.13,0.445,2991,34,primary_apical_trunk,4
2993,3,79.37,188.38,-8.19,0.445,2992,34,primary_apical_trunk,4
2994,3,79.41,188.78,-8.19,0.445,2993,34,primary_apical_trunk,4
2995,3,79.7,189.88,-8.38,0.445,2994,34,primary_apical_trunk,4
2996,3,80.05,191.28,-8.47,0.445,2995,34,primary_apical_trunk,4
2997,3,80.15,191.48,-8.47,0.445,2996,34,primary_apical_trunk,4
2998,3,80.78,192.58,-8.54,0.445,2997,34,primary_apical_trunk,4
2999,3,80.94,192.68,-8.47,0.445,2998,34,primary_apical_trunk,4
3000,3,81.52,193.58,-8.43,0.445,2999,34,primary_apical_trunk,4
3001,3,81.58,193.68,-8.38,0.445,3000,34,primary_apical_trunk,4
3002,3,81.84,194.88,-8.29,0.445,3001,34,primary_apical_trunk,4
3003,3,82.53,196.28,-8.29,0.445,3002,34,primary_apical_trunk,4
3004,3,82.63,196.48,-8.23,0.445,3003,34,primary_apical_trunk,4
3005,3,83.11,197.68,-8.23,0.445,3004,34,primary_apical_trunk,4
3006,3,83.12,197.78,-8.23,0.445,3005,34,primary_apical_trunk,4
3007,3,83.17,198.28,-8.23,0.445,3006,34,primary_apical_trunk,4
3008,3,83.24,198.38,-8.19,0.445,3007,34,primary_apical_trunk,4
3009,3,83.34,199.28,-8.19,0.445,3008,34,primary_apical_trunk,4
3010,3,83.91,200.18,-8.23,0.445,3009,34,primary_apical_trunk,4
3011,3,83.89,200.28,-8.23,0.445,3010,34,primary_apical_trunk,4
3012,3,83.91,201.68,-8.23,0.445,3011,34,primary_apical_trunk,4
3013,3,84.09,203.18,-8.23,0.445,3012,34,primary_apical_trunk,4
3014,3,84.49,204.48,-8.23,0.445,3013,34,primary_apical_trunk,4
3015,3,85.07,205.48,-8.29,0.445,3014,34,primary_apical_trunk,4
3016,3,85.63,206.68,-8.38,0.445,3015,34,primary_apical_trunk,4
3017,3,86.01,208.08,-8.43,0.445,3016,34,primary_apical_trunk,4
3018,3,86.37,209.48,-8.43,0.445,3017,34,primary_apical_trunk,4
3019,3,86.66,210.78,-8.54,0.445,3018,34,primary_apical_trunk,4
3020,3,86.56,210.68,-8.59,0.445,3019,34,primary_apical_trunk,4
3021,3,86.64,212.18,-8.19,0.445,3020,34,primary_apical_trunk,4
3022,3,86.62,212.38,-8.19,0.445,3021,34,primary_apical_trunk,4
3023,3,86.86,213.48,-8.29,0.445,3022,34,primary_apical_trunk,4
3024,3,87.15,214.98,-9.54,0.445,3023,34,primary_apical_trunk,4
3025,3,87.35,216.38,-9.59,0.445,3024,34,primary_apical_trunk,4
3026,3,87.67,217.48,-9.59,0.445,3025,34,primary_apical_trunk,4
3027,3,88.18,218.88,-9.59,0.445,3026,34,primary_apical_trunk,4
3028,3,88.77,220.28,-9.59,0.445,3027,34,primary_apical_trunk,4
3029,3,88.83,220.38,-9.59,0.445,3028,34,primary_apical_trunk,4
3030,3,89.12,221.48,-9.59,0.445,3029,34,primary_apical_trunk,4
3031,3,89.25,222.88,-9.59,0.445,3030,34,primary_apical_trunk,4
3032,3,89.31,223.18,-9.59,0.445,3031,34,primary_apical_trunk,4
3033,3,89.47,224.18,-9.59,0.445,3032,34,primary_apical_trunk,4
3034,3,89.72,225.38,-9.63,0.445,3033,34,primary_apical_trunk,4
3035,3,90.19,226.78,-9.63,0.445,3034,34,primary_apical_trunk,4
3036,3,90.67,227.78,-9.63,0.445,3035,34,primary_apical_trunk,4
3037,3,91.32,228.58,-9.68,0.445,3036,34,primary_apical_trunk,4
3038,3,91.38,228.68,-9.68,0.445,3037,34,primary_apical_trunk,4
3039,3,91.84,229.68,-9.68,0.445,3038,34,primary_apical_trunk,4
3040,3,92.13,230.28,-9.68,0.445,3039,34,primary_apical_trunk,4
3041,3,92.23,230.48,-9.68,0.445,3040,34,primary_apical_trunk,4
3042,3,92.6,231.48,-9.68,0.445,3041,34,primary_apical_trunk,4
3043,3,92.79,232.68,-10.09,0.445,3042,34,primary_apical_trunk,4
3044,3,93.14,233.58,-10.13,0.445,3043,34,primary_apical_trunk,4
3045,3,93.7,234.58,-10.13,0.445,3044,34,primary_apical_trunk,4
3046,3,93.73,234.78,-10.13,0.445,3045,34,primary_apical_trunk,4
3047,3,93.98,235.68,-10.13,0.445,3046,34,primary_apical_trunk,4
3048,3,94.08,235.88,-10.13,0.445,3047,34,primary_apical_trunk,4
3049,3,94.53,236.98,-10.13,0.445,3048,34,primary_apical_trunk,4
3050,3,94.59,237.88,-10.13,0.445,3049,34,primary_apical_trunk,4
3051,3,94.73,238.18,-10.13,0.445,3050,34,primary_apical_trunk,4
3052,3,95.12,239.08,-10.13,0.445,3051,34,primary_apical_trunk,4
3053,3,95.18,239.28,-10.13,0.445,3052,34,primary_apical_trunk,4
3054,3,95.5,240.38,-10.18,0.445,3053,34,primary_apical_trunk,4
3055,3,95.5,240.38,-10.18,0.37,3054,35,primary_apical_trunk,4
3056,3,96.26,241.48,-10.09,0.37,3055,35,primary_apical_trunk,4
3057,3,97.01,242.78,-10.04,0.37,3056,35,primary_apical_trunk,4
3058,3,97.11,242.98,-10.04,0.37,3057,35,primary_apical_trunk,4
3059,3,97.61,244.38,-9.97,0.37,3058,35,primary_apical_trunk,4
3060,3,97.91,245.58,-9.97,0.37,3059,35,primary_apical_trunk,4
3061,3,98.31,246.58,-9.93,0.37,3060,35,primary_apical_trunk,4
3062,3,98.31,246.78,-9.93,0.37,3061,35,primary_apical_trunk,4
3063,3,98.51,248.18,-9.88,0.37,3062,35,primary_apical_trunk,4
3064,3,98.81,249.58,-9.84,0.37,3063,35,primary_apical_trunk,4
3065,3,98.71,249.48,-9.84,0.37,3064,35,primary_apical_trunk,4
3066,3,99.31,251.38,-9.84,0.37,3065,35,primary_apical_trunk,4
3067,3,99.71,252.68,-9.79,0.37,3066,35,primary_apical_trunk,4
3068,3,100.21,253.78,-10.09,0.335,3067,35,primary_apical_trunk,4
3069,3,100.61,255.18,-10.18,0.335,3068,35,primary_apical_trunk,4
3070,3,100.71,255.38,-10.22,0.335,3069,35,primary_apical_trunk,4
3071,3,101.41,256.68,-10.29,0.335,3070,35,primary_apical_trunk,4
3072,3,101.51,256.98,-10.29,0.335,3071,35,primary_apical_trunk,4
3073,3,101.91,258.18,-10.34,0.335,3072,35,primary_apical_trunk,4
3074,3,102.21,259.48,-10.34,0.335,3073,35,primary_apical_trunk,4
3075,3,102.21,259.68,-10.34,0.335,3074,35,primary_apical_trunk,4
3076,3,102.11,260.38,-10.38,0.335,3075,35,primary_apical_trunk,4
3077,3,102.11,260.58,-10.38,0.335,3076,35,primary_apical_trunk,4
3078,3,102.21,261.68,-10.38,0.335,3077,35,primary_apical_trunk,4
3079,3,102.51,262.88,-10.43,0.335,3078,35,primary_apical_trunk,4
3080,3,102.41,263.88,-10.43,0.335,3079,35,primary_apical_trunk,4
3081,3,102.21,265.18,-10.68,0.335,3080,35,primary_apical_trunk,4
3082,3,102.51,266.38,-10.79,0.335,3081,35,primary_apical_trunk,4
3083,3,102.91,267.18,-11.04,0.335,3082,35,primary_apical_trunk,4
3084,3,103.11,268.48,-11.09,0.335,3083,35,primary_apical_trunk,4
3085,3,103.11,268.68,-11.13,0.335,3084,35,primary_apical_trunk,4
3086,3,103.31,269.58,-11.18,0.335,3085,35,primary_apical_trunk,4
3087,3,103.21,269.78,-11.18,0.335,3086,35,primary_apical_trunk,4
3088,3,103.21,270.78,-11.34,0.335,3087,35,primary_apical_trunk,4
3089,3,103.21,270.98,-11.34,0.335,3088,35,primary_apical_trunk,4
3090,3,103.41,272.18,-11.54,0.335,3089,35,primary_apical_trunk,4
3091,3,103.31,271.98,-11.59,0.335,3090,35,primary_apical_trunk,4
3092,3,103.91,273.38,-11.72,0.335,3091,35,primary_apical_trunk,4
3093,3,104.41,274.68,-11.72,0.335,3092,35,primary_apical_trunk,4
3094,3,104.81,275.68,-12.04,0.335,3093,35,primary_apical_trunk,4
3095,3,104.71,275.78,-12.04,0.335,3094,35,primary_apical_trunk,4
3096,3,105.01,276.88,-11.88,0.335,3095,35,primary_apical_trunk,4
3097,3,105.11,277.18,-11.88,0.335,3096,35,primary_apical_trunk,4
3098,3,105.61,277.88,-11.72,0.335,3097,35,primary_apical_trunk,4
3099,3,105.61,277.98,-11.68,0.335,3098,35,primary_apical_trunk,4
3100,3,106.21,278.98,-11.54,0.335,3099,35,primary_apical_trunk,4
3101,3,106.31,279.08,-11.43,0.335,3100,35,primary_apical_trunk,4
3102,3,106.51,280.18,-11.29,0.335,3101,35,primary_apical_trunk,4
3103,3,106.51,280.48,-11.22,0.335,3102,35,primary_apical_trunk,4
3104,3,106.71,281.48,-11.13,0.335,3103,35,primary_apical_trunk,4
3105,3,106.71,281.58,-11.13,0.335,3104,35,primary_apical_trunk,4
3106,3,106.81,282.48,-11.04,0.335,3105,35,primary_apical_trunk,4
3107,3,107.01,283.98,-10.88,0.335,3106,35,primary_apical_trunk,4
3108,3,107.21,285.28,-10.84,0.335,3107,35,primary_apical_trunk,4
3109,3,107.21,285.48,-10.84,0.335,3108,35,primary_apical_trunk,4
3110,3,107.81,286.18,-10.79,0.335,3109,35,primary_apical_trunk,4
3111,3,107.91,286.38,-10.79,0.335,3110,35,primary_apical_trunk,4
3112,3,108.21,287.08,-10.72,0.335,3111,35,primary_apical_trunk,4
3113,3,108.61,287.98,-10.63,0.335,3112,35,primary_apical_trunk,4
3114,3,108.61,288.18,-10.63,0.335,3113,35,primary_apical_trunk,4
3115,3,109.21,289.28,-10.54,0.335,3114,35,primary_apical_trunk,4
3116,3,109.71,290.18,-10.47,0.335,3115,35,primary_apical_trunk,4
3117,3,110.21,290.98,-10.43,0.335,3116,35,primary_apical_trunk,4
3118,3,110.51,291.98,-10.43,0.335,3117,35,primary_apical_trunk,4
3119,3,110.71,292.78,-10.38,0.335,3118,35,primary_apical_trunk,4
3120,3,110.81,293.08,-10.38,0.335,3119,35,primary_apical_trunk,4
3121,3,111.31,294.18,-10.22,0.295,3120,35,primary_apical_trunk,4
3122,3,112.11,295.48,-10.13,0.295,3121,35,primary_apical_trunk,4
3123,3,112.51,296.18,-10.09,0.295,3122,35,primary_apical_trunk,4
3124,3,113.31,297.28,-10.09,0.295,3123,35,primary_apical_trunk,4
3125,3,113.91,298.28,-10.22,0.295,3124,35,primary_apical_trunk,4
3126,3,114.41,299.18,-10.29,0.295,3125,35,primary_apical_trunk,4
3127,3,114.81,300.18,-10.34,0.405,3126,35,primary_apical_trunk,4
3128,3,115.31,300.98,-10.38,0.405,3127,35,primary_apical_trunk,4
3129,3,115.51,301.08,-10.38,0.405,3128,35,primary_apical_trunk,4
3130,3,116.61,301.88,-10.43,0.405,3129,35,primary_apical_trunk,4
3131,3,116.61,301.98,-10.43,0.405,3130,35,primary_apical_trunk,4
3132,3,117.41,302.38,-10.54,0.405,3131,35,primary_apical_trunk,4
3133,3,118.01,302.78,-10.84,0.405,3132,35,primary_apical_trunk,4
3134,3,119.01,303.48,-10.93,0.405,3133,35,primary_apical_trunk,4
3135,3,119.81,303.98,-11.04,0.405,3134,35,primary_apical_trunk,4
3136,3,119.91,303.98,-11.09,0.405,3135,35,primary_apical_trunk,4
3137,3,120.71,304.38,-11.13,0.405,3136,35,primary_apical_trunk,4
3138,3,120.81,304.48,-11.18,0.405,3137,35,primary_apical_trunk,4
3139,3,121.51,305.08,-11.29,0.405,3138,35,primary_apical_trunk,4
3140,3,121.71,305.18,-11.29,0.405,3139,35,primary_apical_trunk,4
3141,3,122.21,305.68,-11.38,0.405,3140,35,primary_apical_trunk,4
3142,3,122.41,305.88,-11.43,0.405,3141,35,primary_apical_trunk,4
3143,3,123.21,306.58,-11.59,0.405,3142,35,primary_apical_trunk,4
3144,3,123.31,306.98,-11.63,0.405,3143,35,primary_apical_trunk,4
3145,3,124.01,308.08,-11.72,0.405,3144,35,primary_apical_trunk,4
3146,3,124.11,308.18,-11.72,0.405,3145,35,primary_apical_trunk,4
3147,3,124.51,309.18,-11.79,0.405,3146,35,primary_apical_trunk,4
3148,3,124.71,309.98,-11.88,0.335,3147,35,primary_apical_trunk,4
3149,3,125.61,310.78,-11.88,0.335,3148,35,primary_apical_trunk,4
3150,3,126.41,311.98,-11.93,0.26,3149,35,primary_apical_trunk,4
3151,3,127.21,312.68,-11.93,0.26,3150,35,primary_apical_trunk,4
3152,3,127.31,312.98,-11.93,0.26,3151,35,primary_apical_trunk,4
3153,3,127.91,314.38,-11.93,0.26,3152,35,primary_apical_trunk,4
3154,3,127.81,314.48,-11.93,0.26,3153,35,primary_apical_trunk,4
3155,3,128.01,315.28,-11.93,0.26,3154,35,primary_apical_trunk,4
3156,3,128.11,315.58,-11.93,0.26,3155,35,primary_apical_trunk,4
3157,3,128.51,316.58,-11.93,0.26,3156,35,primary_apical_trunk,4
3158,3,128.51,316.68,-11.93,0.26,3157,35,primary_apical_trunk,4
3159,3,128.81,317.68,-11.93,0.26,3158,35,primary_apical_trunk,4
3160,3,128.61,317.48,-11.93,0.26,3159,35,primary_apical_trunk,4
3161,3,129.51,318.78,-12.04,0.26,3160,35,primary_apical_trunk,4
3162,3,130.31,320.08,-12.04,0.26,3161,35,primary_apical_trunk,4
3163,3,130.91,321.18,-11.59,0.26,3162,35,primary_apical_trunk,4
3164,3,131.61,322.58,-11.63,0.26,3163,35,primary_apical_trunk,4
3165,3,132.21,323.98,-11.63,0.26,3164,35,primary_apical_trunk,4
3166,3,132.31,324.08,-11.63,0.26,3165,35,primary_apical_trunk,4
3167,3,133.01,325.38,-11.63,0.26,3166,35,primary_apical_trunk,4
3168,3,133.11,325.58,-11.63,0.26,3167,35,primary_apical_trunk,4
3169,3,133.81,326.58,-11.63,0.26,3168,35,primary_apical_trunk,4
3170,3,134.01,326.88,-11.63,0.26,3169,35,primary_apical_trunk,4
3171,3,134.71,328.08,-11.63,0.26,3170,35,primary_apical_trunk,4
3172,3,135.11,329.18,-11.63,0.26,3171,35,primary_apical_trunk,4
3173,3,134.81,328.98,-11.63,0.26,3172,35,primary_apical_trunk,4
3174,3,135.51,329.88,-11.93,0.26,3173,35,primary_apical_trunk,4
3175,3,136.11,330.68,-11.09,0.26,3174,35,primary_apical_trunk,4
3176,3,136.61,331.88,-10.72,0.26,3175,35,primary_apical_trunk,4
3177,3,136.61,331.88,-10.63,0.26,3176,35,primary_apical_trunk,4
3178,3,137.41,333.38,-10.47,0.26,3177,35,primary_apical_trunk,4
3179,3,137.91,334.48,-10.38,0.26,3178,35,primary_apical_trunk,4
3180,3,138.01,334.68,-10.38,0.26,3179,35,primary_apical_trunk,4
3181,3,138.71,335.48,-10.34,0.26,3180,35,primary_apical_trunk,4
3182,3,138.81,335.68,-10.29,0.26,3181,35,primary_apical_trunk,4
3183,3,139.11,336.98,-10.29,0.26,3182,35,primary_apical_trunk,4
3184,3,139.21,337.18,-10.29,0.26,3183,35,primary_apical_trunk,4
3185,3,139.81,338.38,-10.22,0.26,3184,35,primary_apical_trunk,4
3186,3,139.71,338.18,-10.22,0.26,3185,35,primary_apical_trunk,4
3187,3,140.31,339.68,-10.18,0.26,3186,35,primary_apical_trunk,4
3188,3,141.01,341.18,-10.18,0.26,3187,35,primary_apical_trunk,4
3189,3,141.11,341.28,-10.18,0.26,3188,35,primary_apical_trunk,4
3190,3,141.61,342.58,-10.13,0.26,3189,35,primary_apical_trunk,4
3191,3,141.71,342.88,-10.13,0.26,3190,35,primary_apical_trunk,4
3192,3,142.11,343.98,-10.13,0.26,3191,35,primary_apical_trunk,4
3193,3,142.21,344.28,-10.13,0.26,3192,35,primary_apical_trunk,4
3194,3,142.91,345.28,-10.13,0.26,3193,35,primary_apical_trunk,4
3195,3,143.71,346.48,-10.13,0.26,3194,35,primary_apical_trunk,4
3196,3,144.31,347.48,-10.09,0.26,3195,35,primary_apical_trunk,4
3197,3,144.61,347.98,-10.09,0.26,3196,35,primary_apical_trunk,4
3198,3,145.21,348.68,-10.09,0.26,3197,35,primary_apical_trunk,4
3199,3,145.01,348.48,-10.09,0.26,3198,35,primary_apical_trunk,4
3200,3,145.81,349.48,-8.88,0.26,3199,35,primary_apical_trunk,4
3201,3,146.41,350.88,-8.84,0.26,3200,35,primary_apical_trunk,4
3202,3,146.81,351.78,-8.79,0.26,3201,35,primary_apical_trunk,4
3203,3,146.91,352.08,-8.79,0.26,3202,35,primary_apical_trunk,4
3204,3,147.61,352.78,-8.72,0.26,3203,35,primary_apical_trunk,4
3205,3,147.71,352.98,-8.72,0.26,3204,35,primary_apical_trunk,4
3206,3,148.31,353.58,-8.72,0.26,3205,35,primary_apical_trunk,4
3207,3,148.41,353.98,-8.72,0.26,3206,35,primary_apical_trunk,4
3208,3,148.81,354.48,-8.72,0.26,3207,35,primary_apical_trunk,4
3209,3,148.91,354.68,-8.72,0.26,3208,35,primary_apical_trunk,4
3210,3,149.31,356.08,-8.68,0.26,3209,35,primary_apical_trunk,4
3211,3,149.61,357.78,-8.68,0.26,3210,35,primary_apical_trunk,4
3212,3,150.21,358.68,-8.68,0.335,3211,35,primary_apical_trunk,4
3213,3,151.01,359.58,-8.68,0.335,3212,35,primary_apical_trunk,4
3214,3,151.11,359.78,-8.68,0.335,3213,35,primary_apical_trunk,4
3215,3,151.61,360.38,-8.63,0.335,3214,35,primary_apical_trunk,4
3216,3,152.21,361.18,-8.63,0.335,3215,35,primary_apical_trunk,4
3217,3,152.11,361.08,-8.63,0.335,3216,35,primary_apical_trunk,4
3218,3,152.81,361.78,-8.88,0.26,3217,35,primary_apical_trunk,4
3219,3,95.5,240.38,-10.18,0.185,3054,36,primary_apical_trunk,4
3220,3,95.47,241.28,-10.47,0.185,3219,36,primary_apical_trunk,4
3221,3,95.83,242.68,-10.56,0.185,3220,36,primary_apical_trunk,4
3222,3,96.18,243.18,-10.68,0.185,3221,36,primary_apical_trunk,4
3223,3,96.77,243.88,-10.68,0.185,3222,36,primary_apical_trunk,4
3224,3,96.84,244.08,-10.72,0.185,3223,36,primary_apical_trunk,4
3225,3,96.73,244.98,-10.72,0.185,3224,36,primary_apical_trunk,4
3226,3,96.73,245.18,-10.72,0.185,3225,36,primary_apical_trunk,4
3227,3,97.34,245.78,-10.77,0.185,3226,36,primary_apical_trunk,4
3228,3,97.34,245.88,-10.77,0.185,3227,36,primary_apical_trunk,4
3229,3,97.54,246.58,-10.81,0.185,3228,36,primary_apical_trunk,4
3230,3,97.54,246.78,-10.81,0.185,3229,36,primary_apical_trunk,4
3231,3,97.54,247.48,-10.93,0.185,3230,36,primary_apical_trunk,4
3232,3,97.24,248.08,-11.27,0.185,3231,36,primary_apical_trunk,4
3233,3,97.24,248.08,-11.43,0.185,3232,36,primary_apical_trunk,4
3234,3,96.83,248.88,-11.97,0.185,3233,36,primary_apical_trunk,4
3235,3,97.24,249.68,-12.02,0.185,3234,36,primary_apical_trunk,4
3236,3,97.64,250.28,-12.06,0.185,3235,36,primary_apical_trunk,4
3237,3,97.74,250.48,-12.06,0.185,3236,36,primary_apical_trunk,4
3238,3,97.94,251.38,-12.06,0.185,3237,36,primary_apical_trunk,4
3239,3,97.64,252.18,-12.13,0.185,3238,36,primary_apical_trunk,4
3240,3,97.64,252.28,-12.18,0.185,3239,36,primary_apical_trunk,4
3241,3,97.34,253.28,-12.22,0.185,3240,36,primary_apical_trunk,4
3242,3,97.54,254.28,-12.27,0.185,3241,36,primary_apical_trunk,4
3243,3,97.74,255.28,-13.13,0.185,3242,36,primary_apical_trunk,4
3244,3,97.64,255.88,-13.27,0.185,3243,36,primary_apical_trunk,4
3245,3,96.88,256.98,-13.81,0.185,3244,36,primary_apical_trunk,4
3246,3,96.93,258.18,-13.81,0.185,3245,36,primary_apical_trunk,4
3247,3,97.34,259.08,-14.02,0.185,3246,36,primary_apical_trunk,4
3248,3,97.24,259.18,-14.02,0.185,3247,36,primary_apical_trunk,4
3249,3,96.94,259.88,-14.02,0.185,3248,36,primary_apical_trunk,4
3250,3,96.89,260.08,-14.02,0.185,3249,36,primary_apical_trunk,4
3251,3,97.14,260.88,-14.13,0.185,3250,36,primary_apical_trunk,4
3252,3,97.54,261.28,-14.27,0.185,3251,36,primary_apical_trunk,4
3253,3,98.24,261.98,-14.43,0.185,3252,36,primary_apical_trunk,4
3254,3,98.74,263.18,-14.68,0.185,3253,36,primary_apical_trunk,4
3255,3,99.14,264.48,-15.16,0.185,3254,36,primary_apical_trunk,4
3256,3,99.44,265.48,-15.23,0.185,3255,36,primary_apical_trunk,4
3257,3,99.64,266.48,-15.25,0.185,3256,36,primary_apical_trunk,4
3258,3,100.04,267.18,-15.48,0.185,3257,36,primary_apical_trunk,4
3259,3,100.44,268.38,-15.57,0.185,3258,36,primary_apical_trunk,4
3260,3,100.74,269.28,-15.63,0.185,3259,36,primary_apical_trunk,4
3261,3,101.04,269.98,-15.63,0.185,3260,36,primary_apical_trunk,4
3262,3,101.34,270.98,-15.66,0.185,3261,36,primary_apical_trunk,4
3263,3,101.24,270.98,-15.66,0.185,3262,36,primary_apical_trunk,4
3264,3,101.74,271.98,-16.13,0.185,3263,36,primary_apical_trunk,4
3265,3,102.24,272.38,-16.13,0.185,3264,36,primary_apical_trunk,4
3266,3,102.84,273.18,-16.13,0.185,3265,36,primary_apical_trunk,4
3267,3,103.14,274.38,-16.13,0.185,3266,36,primary_apical_trunk,4
3268,3,103.34,275.08,-16.16,0.185,3267,36,primary_apical_trunk,4
3269,3,103.34,275.18,-16.32,0.185,3268,36,primary_apical_trunk,4
3270,3,103.34,276.38,-16.5,0.185,3269,36,primary_apical_trunk,4
3271,3,103.54,277.38,-16.73,0.185,3270,36,primary_apical_trunk,4
3272,3,103.84,278.68,-16.88,0.185,3271,36,primary_apical_trunk,4
3273,3,103.94,279.78,-17.0,0.185,3272,36,primary_apical_trunk,4
3274,3,103.94,279.88,-17.0,0.185,3273,36,primary_apical_trunk,4
3275,3,104.04,280.88,-17.13,0.185,3274,36,primary_apical_trunk,4
3276,3,103.94,281.18,-17.13,0.185,3275,36,primary_apical_trunk,4
3277,3,104.14,282.68,-17.23,0.185,3276,36,primary_apical_trunk,4
3278,3,104.14,283.88,-17.23,0.185,3277,36,primary_apical_trunk,4
3279,3,104.54,285.88,-17.48,0.185,3278,36,primary_apical_trunk,4
3280,3,104.64,287.48,-17.48,0.185,3279,36,primary_apical_trunk,4
3281,3,104.74,288.88,-17.48,0.185,3280,36,primary_apical_trunk,4
3282,3,104.74,288.98,-17.5,0.185,3281,36,primary_apical_trunk,4
3283,3,105.04,290.18,-17.5,0.185,3282,36,primary_apical_trunk,4
3284,3,105.04,290.28,-17.63,0.185,3283,36,primary_apical_trunk,4
3285,3,105.54,291.38,-17.88,0.185,3284,36,primary_apical_trunk,4
3286,3,105.54,291.38,-17.91,0.185,3285,36,primary_apical_trunk,4
3287,3,105.94,292.48,-17.98,0.185,3286,36,primary_apical_trunk,4
3288,3,106.04,292.58,-17.98,0.185,3287,36,primary_apical_trunk,4
3289,3,106.44,293.68,-18.13,0.185,3288,36,primary_apical_trunk,4
3290,3,106.44,293.78,-18.13,0.185,3289,36,primary_apical_trunk,4
3291,3,106.74,295.08,-18.23,0.185,3290,36,primary_apical_trunk,4
3292,3,106.64,294.98,-18.25,0.185,3291,36,primary_apical_trunk,4
3293,3,108.04,296.18,-18.75,0.185,3292,36,primary_apical_trunk,4
3294,3,108.64,297.38,-18.75,0.185,3293,36,primary_apical_trunk,4
3295,3,109.04,298.58,-18.75,0.185,3294,36,primary_apical_trunk,4
3296,3,109.04,298.78,-18.75,0.185,3295,36,primary_apical_trunk,4
3297,3,109.34,299.78,-18.75,0.185,3296,36,primary_apical_trunk,4
3298,3,109.34,299.98,-18.75,0.185,3297,36,primary_apical_trunk,4
3299,3,109.64,301.18,-18.75,0.185,3298,36,primary_apical_trunk,4
3300,3,109.74,301.38,-18.75,0.185,3299,36,primary_apical_trunk,4
3301,3,110.24,301.98,-18.75,0.185,3300,36,primary_apical_trunk,4
3302,3,110.24,302.08,-18.75,0.185,3301,36,primary_apical_trunk,4
3303,3,111.24,302.98,-18.75,0.185,3302,36,primary_apical_trunk,4
3304,3,111.64,303.88,-18.98,0.185,3303,36,primary_apical_trunk,4
3305,3,112.44,304.88,-18.98,0.185,3304,36,primary_apical_trunk,4
3306,3,113.14,305.98,-19.0,0.185,3305,36,primary_apical_trunk,4
3307,3,113.74,306.68,-19.0,0.185,3306,36,primary_apical_trunk,4
3308,3,114.54,307.88,-19.16,0.185,3307,36,primary_apical_trunk,4
3309,3,115.14,308.58,-19.23,0.185,3308,36,primary_apical_trunk,4
3310,3,115.84,309.58,-19.23,0.185,3309,36,primary_apical_trunk,4
3311,3,116.34,310.48,-19.5,0.185,3310,36,primary_apical_trunk,4
3312,3,116.84,311.48,-19.63,0.185,3311,36,primary_apical_trunk,4
3313,3,117.74,312.48,-19.73,0.185,3312,36,primary_apical_trunk,4
3314,3,118.54,312.88,-19.88,0.185,3313,36,primary_apical_trunk,4
3315,3,119.24,313.08,-20.0,0.185,3314,36,primary_apical_trunk,4
3316,3,119.44,313.08,-20.0,0.185,3315,36,primary_apical_trunk,4
3317,3,120.04,313.08,-20.13,0.185,3316,36,primary_apical_trunk,4
3318,3,120.14,313.08,-20.16,0.185,3317,36,primary_apical_trunk,4
3319,3,120.84,313.08,-20.25,0.185,3318,36,primary_apical_trunk,4
3320,3,121.94,313.08,-20.32,0.185,3319,36,primary_apical_trunk,4
3321,3,122.34,313.78,-20.38,0.185,3320,36,primary_apical_trunk,4
3322,3,122.54,314.78,-21.38,0.185,3321,36,primary_apical_trunk,4
3323,3,123.24,315.88,-21.41,0.185,3322,36,primary_apical_trunk,4
3324,3,123.74,316.78,-21.48,0.185,3323,36,primary_apical_trunk,4
3325,3,123.94,317.08,-21.48,0.185,3324,36,primary_apical_trunk,4
3326,3,124.64,317.88,-21.5,0.185,3325,36,primary_apical_trunk,4
3327,3,124.74,318.28,-21.5,0.185,3326,36,primary_apical_trunk,4
3328,3,124.94,319.18,-21.66,0.185,3327,36,primary_apical_trunk,4
3329,3,125.44,320.18,-21.75,0.185,3328,36,primary_apical_trunk,4
3330,3,125.64,320.58,-21.75,0.185,3329,36,primary_apical_trunk,4
3331,3,126.24,321.88,-21.82,0.185,3330,36,primary_apical_trunk,4
3332,3,126.24,322.08,-21.82,0.185,3331,36,primary_apical_trunk,4
3333,3,126.54,322.88,-21.88,0.185,3332,36,primary_apical_trunk,4
3334,3,126.64,323.18,-21.88,0.185,3333,36,primary_apical_trunk,4
3335,3,127.04,323.88,-21.88,0.185,3334,36,primary_apical_trunk,4
3336,3,127.44,325.28,-21.98,0.185,3335,36,primary_apical_trunk,4
3337,3,127.74,326.48,-22.0,0.185,3336,36,primary_apical_trunk,4
3338,3,127.84,326.58,-22.0,0.185,3337,36,primary_apical_trunk,4
3339,3,128.44,327.68,-22.0,0.185,3338,36,primary_apical_trunk,4
3340,3,128.64,327.88,-22.0,0.185,3339,36,primary_apical_trunk,4
3341,3,129.44,328.78,-22.07,0.185,3340,36,primary_apical_trunk,4
3342,3,130.84,329.58,-22.07,0.185,3341,36,primary_apical_trunk,4
3343,3,131.24,330.68,-22.25,0.185,3342,36,primary_apical_trunk,4
3344,3,132.04,331.88,-20.5,0.15,3343,36,primary_apical_trunk,4
3345,3,132.84,333.18,-20.41,0.15,3344,36,primary_apical_trunk,4
3346,3,132.84,333.28,-20.38,0.15,3345,36,primary_apical_trunk,4
3347,3,133.54,334.88,-20.38,0.15,3346,36,primary_apical_trunk,4
3348,3,133.64,334.98,-20.32,0.15,3347,36,primary_apical_trunk,4
3349,3,134.34,335.58,-20.32,0.15,3348,36,primary_apical_trunk,4
3350,3,134.64,335.88,-20.32,0.15,3349,36,primary_apical_trunk,4
3351,3,135.54,336.68,-20.25,0.15,3350,36,primary_apical_trunk,4
3352,3,135.74,336.78,-20.25,0.15,3351,36,primary_apical_trunk,4
3353,3,136.64,338.08,-20.23,0.15,3352,36,primary_apical_trunk,4
3354,3,136.74,338.28,-20.23,0.15,3353,36,primary_apical_trunk,4
3355,3,137.44,339.28,-20.23,0.15,3354,36,primary_apical_trunk,4
3356,3,137.54,339.48,-20.23,0.15,3355,36,primary_apical_trunk,4
3357,3,138.34,340.58,-20.23,0.15,3356,36,primary_apical_trunk,4
3358,3,35.01,51.81,-0.86,0.37,2761,37,primary_apical_trunk,4
3359,3,35.07,51.93,-0.92,0.37,3358,37,primary_apical_trunk,4
3360,3,35.35,52.8,-1.02,0.37,3359,37,primary_apical_trunk,4
3361,3,35.79,53.41,-1.15,0.445,3360,37,primary_apical_trunk,4
3362,3,36.3,53.73,-1.2,0.445,3361,37,primary_apical_trunk,4
3363,3,36.63,54.06,-1.58,0.445,3362,37,primary_apical_trunk,4
3364,3,36.89,54.59,-1.48,0.445,3363,37,primary_apical_trunk,4
3365,3,36.84,55.17,-1.2,0.445,3364,37,primary_apical_trunk,4
3366,3,36.73,55.32,-1.15,0.445,3365,37,primary_apical_trunk,4
3367,3,36.48,55.93,-1.02,0.445,3366,37,primary_apical_trunk,4
3368,3,36.34,56.0,-0.98,0.445,3367,37,primary_apical_trunk,4
3369,3,35.94,56.52,-0.67,0.445,3368,37,primary_apical_trunk,4
3370,3,35.34,57.33,-0.15,0.445,3369,37,primary_apical_trunk,4
3371,3,35.29,58.75,0.14,0.37,3370,37,primary_apical_trunk,4
3372,3,35.95,60.23,-0.0,0.37,3371,37,primary_apical_trunk,4
3373,3,36.4,61.64,-0.0,0.37,3372,37,primary_apical_trunk,4
3374,3,36.83,62.51,-0.11,0.37,3373,37,primary_apical_trunk,4
3375,3,37.36,63.24,-0.11,0.37,3374,37,primary_apical_trunk,4
3376,3,38.14,63.67,-0.11,0.37,3375,37,primary_apical_trunk,4
3377,3,38.31,63.67,-0.11,0.37,3376,37,primary_apical_trunk,4
3378,3,38.97,64.0,-0.11,0.26,3377,37,primary_apical_trunk,4
3379,3,39.32,64.41,-0.11,0.26,3378,37,primary_apical_trunk,4
3380,3,39.38,64.54,-0.11,0.26,3379,37,primary_apical_trunk,4
3381,3,39.34,65.12,-0.11,0.26,3380,37,primary_apical_trunk,4
3382,3,39.16,65.22,-0.11,0.26,3381,37,primary_apical_trunk,4
3383,3,39.02,65.77,-0.11,0.26,3382,37,primary_apical_trunk,4
3384,3,39.51,66.12,-0.11,0.26,3383,37,primary_apical_trunk,4
3385,3,39.85,65.79,-0.11,0.26,3384,37,primary_apical_trunk,4
3386,3,40.56,65.6,-0.11,0.26,3385,37,primary_apical_trunk,4
3387,3,40.62,65.73,-0.11,0.26,3386,37,primary_apical_trunk,4
3388,3,40.6,65.83,-0.11,0.26,3387,37,primary_apical_trunk,4
3389,3,40.56,66.25,-0.11,0.26,3388,37,primary_apical_trunk,4
3390,3,40.47,66.39,-0.11,0.26,3389,37,primary_apical_trunk,4
3391,3,40.76,66.99,-0.11,0.26,3390,37,primary_apical_trunk,4
3392,3,41.39,66.43,-0.11,0.26,3391,37,primary_apical_trunk,4
3393,3,41.86,66.2,-0.15,0.26,3392,37,primary_apical_trunk,4
3394,3,42.58,66.16,-0.15,0.26,3393,37,primary_apical_trunk,4
3395,3,42.68,66.69,-0.15,0.26,3394,37,primary_apical_trunk,4
3396,3,42.58,66.83,-0.15,0.26,3395,37,primary_apical_trunk,4
3397,3,42.4,67.48,-0.15,0.26,3396,37,primary_apical_trunk,4
3398,3,42.27,67.55,-0.15,0.26,3397,37,primary_apical_trunk,4
3399,3,7.69,10.25,0.08,0.445,2719,38,primary_apical_trunk,4
3400,3,8.63,10.7,0.15,0.445,3399,38,primary_apical_trunk,4
3401,3,9.93,10.98,0.15,0.445,3400,38,primary_apical_trunk,4
3402,3,11.3,11.29,0.22,0.445,3401,38,primary_apical_trunk,4
3403,3,12.33,12.17,0.22,0.445,3402,38,primary_apical_trunk,4
3404,3,12.95,12.93,0.15,0.555,3403,38,primary_apical_trunk,4
3405,3,13.41,13.2,0.05,0.555,3404,38,primary_apical_trunk,4
3406,3,14.17,13.56,-0.05,0.555,3405,38,primary_apical_trunk,4
3407,3,15.13,13.83,-0.1,0.555,3406,38,primary_apical_trunk,4
3408,3,15.16,13.9,-0.16,0.555,3407,38,primary_apical_trunk,4
3409,3,16.34,14.48,-0.21,0.555,3408,38,primary_apical_trunk,4
3410,3,17.19,15.19,-0.21,0.555,3409,38,primary_apical_trunk,4
3411,3,18.18,16.04,-0.25,0.555,3410,38,primary_apical_trunk,4
3412,3,18.83,16.85,-0.31,0.555,3411,38,primary_apical_trunk,4
3413,3,18.86,16.93,-0.35,0.555,3412,38,primary_apical_trunk,4
3414,3,19.5,17.52,-0.46,0.555,3413,38,primary_apical_trunk,4
3415,3,20.31,18.2,-0.57,0.555,3414,38,primary_apical_trunk,4
3416,3,21.1,18.78,-0.77,0.555,3415,38,primary_apical_trunk,4
3417,3,21.9,19.39,-1.36,0.555,3416,38,primary_apical_trunk,4
3418,3,22.65,20.75,-1.72,0.555,3417,38,primary_apical_trunk,4
3419,3,23.26,21.51,-1.72,0.555,3418,38,primary_apical_trunk,4
3420,3,23.91,22.65,-1.81,0.555,3419,38,primary_apical_trunk,4
3421,3,24.24,23.33,-2.1,0.555,3420,38,primary_apical_trunk,4
3422,3,24.3,23.45,-2.27,0.555,3421,38,primary_apical_trunk,4
3423,3,24.87,24.09,-2.31,0.405,3422,38,primary_apical_trunk,4
3424,3,25.35,24.91,-2.6,0.405,3423,38,primary_apical_trunk,4
3425,3,26.03,25.81,-2.42,0.405,3424,38,primary_apical_trunk,4
3426,3,26.03,25.81,-2.35,0.405,3425,38,primary_apical_trunk,4
3427,3,26.65,26.73,-2.17,0.405,3426,38,primary_apical_trunk,4
3428,3,27.21,27.85,-1.92,0.405,3427,38,primary_apical_trunk,4
3429,3,27.21,27.85,-1.85,0.405,3428,38,primary_apical_trunk,4
3430,3,27.63,29.05,-1.72,0.405,3429,38,primary_apical_trunk,4
3431,3,27.61,29.14,-1.61,0.405,3430,38,primary_apical_trunk,4
3432,3,27.99,30.26,-1.56,0.405,3431,38,primary_apical_trunk,4
3433,3,28.03,30.5,-1.56,0.405,3432,38,primary_apical_trunk,4
3434,3,28.45,31.53,-1.47,0.405,3433,38,primary_apical_trunk,4
3435,3,28.55,31.73,-1.47,0.405,3434,38,primary_apical_trunk,4
3436,3,29.0,32.82,-1.36,0.405,3435,38,primary_apical_trunk,4
3437,3,29.09,33.02,-1.36,0.405,3436,38,primary_apical_trunk,4
3438,3,29.63,33.58,-1.35,0.405,3437,38,primary_apical_trunk,4
3439,3,29.73,33.61,-1.35,0.405,3438,38,primary_apical_trunk,4
3440,3,30.48,34.31,-1.35,0.405,3439,38,primary_apical_trunk,4
3441,3,31.19,34.61,-1.31,0.405,3440,38,primary_apical_trunk,4
3442,3,32.03,35.27,-1.31,0.405,3441,38,primary_apical_trunk,4
3443,3,32.37,35.76,-0.82,0.405,3442,38,primary_apical_trunk,4
3444,3,33.29,36.29,-1.31,0.405,3443,38,primary_apical_trunk,4
3445,3,33.39,36.32,-1.35,0.405,3444,38,primary_apical_trunk,4
3446,3,34.14,37.37,-1.47,0.405,3445,38,primary_apical_trunk,4
3447,3,34.24,37.4,-1.56,0.405,3446,38,primary_apical_trunk,4
3448,3,34.9,37.89,-1.61,0.405,3447,38,primary_apical_trunk,4
3449,3,35.55,38.56,-1.81,0.405,3448,38,primary_apical_trunk,4
3450,3,36.68,39.64,-1.92,0.405,3449,38,primary_apical_trunk,4
3451,3,37.76,40.5,-2.06,0.405,3450,38,primary_apical_trunk,4
3452,3,38.41,41.5,-2.11,0.405,3451,38,primary_apical_trunk,4
3453,3,38.57,41.84,-2.17,0.405,3452,38,primary_apical_trunk,4
3454,3,39.29,42.8,-2.31,0.405,3453,38,primary_apical_trunk,4
3455,3,39.39,43.0,-2.31,0.405,3454,38,primary_apical_trunk,4
3456,3,39.85,43.92,-2.52,0.405,3455,38,primary_apical_trunk,4
3457,3,40.13,44.68,-2.27,0.405,3456,38,primary_apical_trunk,4
3458,3,41.22,45.38,-1.92,0.405,3457,38,primary_apical_trunk,4
3459,3,41.29,45.52,-1.92,0.405,3458,38,primary_apical_trunk,4
3460,3,41.71,46.2,-1.85,0.405,3459,38,primary_apical_trunk,4
3461,3,42.4,47.26,-1.81,0.405,3460,38,primary_apical_trunk,4
3462,3,43.46,48.23,-1.72,0.405,3461,38,primary_apical_trunk,4
3463,3,43.53,48.36,-1.72,0.405,3462,38,primary_apical_trunk,4
3464,3,44.24,48.99,-1.61,0.405,3463,38,primary_apical_trunk,4
3465,3,45.36,50.09,-1.92,0.335,3464,38,primary_apical_trunk,4
3466,3,45.42,50.22,-2.02,0.335,3465,38,primary_apical_trunk,4
3467,3,45.95,51.11,-2.06,0.335,3466,38,primary_apical_trunk,4
3468,3,46.76,52.11,-1.31,0.335,3467,38,primary_apical_trunk,4
3469,3,46.76,52.11,-1.21,0.335,3468,38,primary_apical_trunk,4
3470,3,47.31,53.06,-0.86,0.335,3469,38,primary_apical_trunk,4
3471,3,47.35,53.14,-0.82,0.335,3470,38,primary_apical_trunk,4
3472,3,48.19,53.86,-0.71,0.335,3471,38,primary_apical_trunk,4
3473,3,48.31,53.9,-0.71,0.335,3472,38,primary_apical_trunk,4
3474,3,49.41,55.0,0.15,0.335,3473,38,primary_apical_trunk,4
3475,3,50.01,55.85,-2.17,0.335,3474,38,primary_apical_trunk,4
3476,3,50.11,56.05,-2.17,0.335,3475,38,primary_apical_trunk,4
3477,3,51.22,57.14,-2.27,0.335,3476,38,primary_apical_trunk,4
3478,3,51.65,58.01,-2.06,0.335,3477,38,primary_apical_trunk,4
3479,3,51.65,58.01,-1.86,0.335,3478,38,primary_apical_trunk,4
3480,3,52.33,58.57,-1.72,0.335,3479,38,primary_apical_trunk,4
3481,3,53.06,59.36,-1.47,0.335,3480,38,primary_apical_trunk,4
3482,3,53.71,59.87,-1.35,0.335,3481,38,primary_apical_trunk,4
3483,3,54.21,60.68,-1.22,0.335,3482,38,primary_apical_trunk,4
3484,3,54.61,61.29,-1.22,0.295,3483,38,primary_apical_trunk,4
3485,3,55.67,61.76,-1.31,0.295,3484,38,primary_apical_trunk,4
3486,3,56.25,62.46,-1.35,0.295,3485,38,primary_apical_trunk,4
3487,3,56.42,62.44,-1.35,0.295,3486,38,primary_apical_trunk,4
3488,3,57.33,63.48,-1.36,0.295,3487,38,primary_apical_trunk,4
3489,3,57.84,64.13,-1.47,0.295,3488,38,primary_apical_trunk,4
3490,3,58.32,65.8,-1.6,0.22,3489,38,primary_apical_trunk,4
3491,3,58.83,66.52,-1.6,0.22,3490,38,primary_apical_trunk,4
3492,3,59.76,67.39,-1.61,0.22,3491,38,primary_apical_trunk,4
3493,3,59.86,67.43,-1.61,0.22,3492,38,primary_apical_trunk,4
3494,3,60.35,67.91,-1.61,0.22,3493,38,primary_apical_trunk,4
3495,3,60.88,68.98,-1.72,0.22,3494,38,primary_apical_trunk,4
3496,3,61.72,70.2,-1.72,0.22,3495,38,primary_apical_trunk,4
3497,3,61.78,70.33,-1.72,0.22,3496,38,primary_apical_trunk,4
3498,3,62.3,71.55,-1.72,0.22,3497,38,primary_apical_trunk,4
3499,3,63.06,72.74,-1.72,0.22,3498,38,primary_apical_trunk,4
3500,3,63.13,72.89,-1.72,0.22,3499,38,primary_apical_trunk,4
3501,3,64.02,74.18,-1.72,0.22,3500,38,primary_apical_trunk,4
3502,3,64.53,74.89,-1.72,0.22,3501,38,primary_apical_trunk,4
3503,3,64.4,74.96,-1.72,0.22,3502,38,primary_apical_trunk,4
3504,3,65.72,76.78,-1.72,0.22,3503,38,primary_apical_trunk,4
3505,3,66.32,77.72,-1.72,0.22,3504,38,primary_apical_trunk,4
3506,3,66.4,78.02,-1.72,0.22,3505,38,primary_apical_trunk,4
3507,3,66.86,78.94,-1.72,0.22,3506,38,primary_apical_trunk,4
3508,3,67.44,79.63,-1.72,0.22,3507,38,primary_apical_trunk,4
3509,3,68.2,80.49,-1.72,0.22,3508,38,primary_apical_trunk,4
3510,3,69.11,81.37,-1.72,0.22,3509,38,primary_apical_trunk,4
3511,3,69.74,82.29,-1.72,0.22,3510,38,primary_apical_trunk,4
3512,3,70.06,82.78,-1.72,0.22,3511,38,primary_apical_trunk,4
3513,3,70.16,82.82,-1.72,0.22,3512,38,primary_apical_trunk,4
3514,3,70.71,83.28,-1.72,0.22,3513,38,primary_apical_trunk,4
